bench,id,gold,plain_answer,plain_correct,dt_answer,dt_correct,dt_seconds
aime2024,2024-II-4,33,33,1,"To solve the given system of equations, let $a = \log_2 x$, $b = \log_2 y$, and $c = \log_2 z$. The given equations can be rewritten as: 1) $\log_2 x - \log_2 y - \log_2 z = \frac{1}{2} \implies a - b - c = \frac{1}{2}$ 2) $\log_2 y - \log_2 x - \log_2 z = \frac{1}{3} \implies -a + b - c = \frac{1}{3}$ 3) $\log_2 z - \log_2 x - \log_2 y = \frac{1}{4} \implies -a - b + c = \frac{1}{4}$  We solve this system of linear equations: - Adding (1) and (2): $(a - b - c) + (-a + b - c) = \frac{1}{2} + \frac{1}{3} \implies -2c = \frac{5}{6} \implies c = -\frac{5}{12}$ - Adding (2) and (3): $(-a + b - c) + (-a - b + c) = \frac{1}{3} + \frac{1}{4} \implies -2a = \frac{7}{12} \implies a = -\frac{7}{24}$ - Adding (1) and (3): $(a - b - c) + (-a - b + c) = \frac{1}{2} + \frac{1}{4} \implies -2b = \frac{3}{4} \implies b = -\frac{3}{8}$  We want to find the value of $\left|\log_2(x^4y^3z^2)\right|$, which is $|4a + 3b + 2c|$: \[ 4a + 3b + 2c = 4\left(-\frac{7}{24}\right) + 3\left(-\frac{3}{8}\right) + 2\left(-\frac{5}{12}\right) \] \[ = -\frac{7}{6} - \frac{9}{8} - \frac{5}{6} \] \[ = -\frac{12}{6} - \frac{9}{8} = -2 - \frac{9}{8} = -\frac{16}{8} - \frac{9}{8} = -\frac{25}{8} \]  The absolute value is: \[ \left|-\frac{25}{8}\right| = \frac{25}{8} \] Here, $m = 25$ and $n = 8$. Since 25 and 8 are relatively prime positive integers, we find $m + n$: \[ m + n = 25 + 8 = 33 \]  ANSWER: 33",1,48.8
aime2024,2024-II-12,23,23,1,"To find the point $C$, we first analyze the family $\mathcal{F}$. A segment $\overline{PQ}$ of unit length in the first quadrant with $P(p, 0)$ and $Q(0, q)$ must satisfy $p^2 + q^2 = 1$. The equation of the line containing $\overline{PQ}$ is $\frac{x}{p} + \frac{y}{q} = 1$.  The region covered by the family $\mathcal{F}$ is bounded by the axes and the envelope of these lines. To find the envelope, we use the condition $p^2 + q^2 = 1$. The envelope of the family of lines $\frac{x}{p} + \frac{y}{\sqrt{1-p^2}} = 1$ is the astroid $x^{2/3} + y^{2/3} = 1$.  - Points inside the astroid ($x^{2/3} + y^{2/3} < 1$) are covered by multiple segments. - Points on the astroid ($x^{2/3} + y^{2/3} = 1$) are covered by exactly one segment (the one tangent to the astroid at that point). - Points outside the astroid ($x^{2/3} + y^{2/3} > 1$) are not covered by any segment.  The problem states that $C$ is on $\overline{AB}$ and belongs to no other segment in $\mathcal{F}$ except $\overline{AB}$. First, we check if $\overline{AB} \in \mathcal{F}$. The distance $AB = \sqrt{(1/2)^2 + (\sqrt{3}/2)^2} = \sqrt{1/4 + 3/4} = 1$. Thus, $\overline{AB}$ is indeed a member of $\mathcal{F}$ with $p = 1/2$ and $q = \sqrt{3}/2$. Since $C$ is unique and belongs only to $\overline{AB}$, $C$ must be the point where $\overline{AB}$ is tangent to the astroid $x^{2/3} + y^{2/3} = 1$.  The tangent line to the astroid at $(x_0, y_0)$ is given by $x x_0^{-1/3} + y y_0^{-1/3} = 1$. The equation of the line $\overline{AB}$ is $\frac{x}{1/2} + \frac{y}{\sqrt{3}/2} = 1$. Comparing the coefficients: $x_0^{-1/3} = \frac{1}{1/2} = 2 \implies x_0 = 2^{-3} = \frac{1}{8}$ $y_0^{-1/3} = \frac{1}{\sqrt{3}/2} = \frac{2}{\sqrt{3}} \implies y_0 = \left(\frac{2}{\sqrt{3}}\right)^{-3} = \frac{3\sqrt{3}}{8}$  The coordinates of $C$ are $(\frac{1}{8}, \frac{3\sqrt{3}}{8})$. We calculate $OC^2$: $OC^2 = \left(\frac{1}{8}\right)^2 + \left(\frac{3\sqrt{3}}{8}\right)^2 = \frac{1}{64} + \frac{27}{64} = \frac{28}{64} = \frac{7}{16}$",1,64.4
aime2024,2024-I-4,116,116,1,"To find the probability that Jen wins the grand prize given that she won a prize, we use the formula for conditional probability: $$P(\text{Grand Prize} | \text{Prize}) = \frac{P(\text{Grand Prize} \cap \text{Prize})}{P(\text{Prize})}$$ Since winning the grand prize (matching all 4 numbers) implies that she has won a prize (matching at least 2 numbers), the event ""Grand Prize"" is a subset of the event ""Prize"". Thus, $P(\text{Grand Prize} \cap \text{Prize}) = P(\text{Grand Prize})$.  Let $X$ be the number of matches between Jen's chosen numbers and the randomly chosen numbers. The total number of ways to choose 4 numbers from 10 is: $$\binom{10}{4} = \frac{10 \times 9 \times 8 \times 7}{4 \times 3 \times 2 \times 1} = 210$$ The number of ways to match exactly $k$ numbers is given by $\binom{4}{k} \binom{6}{4-k}$.  1.  **Grand Prize ($X=4$):**     The number of ways to match all 4 numbers is:     $$\binom{4}{4} \binom{6}{0} = 1 \times 1 = 1$$     So, $P(\text{Grand Prize}) = \frac{1}{210}$.  2.  **Winning a Prize ($X \ge 2$):**     A prize is won if Jen matches 2, 3, or 4 numbers.     - Ways to match 2: $\binom{4}{2} \binom{6}{2} = 6 \times 15 = 90$     - Ways to match 3: $\binom{4}{3} \binom{6}{1} = 4 \times 6 = 24$     - Ways to match 4: $\binom{4}{4} \binom{6}{0} = 1 \times 1 = 1$     Total ways to win a prize = $90 + 24 + 1 = 115$.     So, $P(\text{Prize}) = \frac{115}{210}$.  3.  **Conditional Probability:**     $$P(\text{Grand Prize} | \text{Prize}) = \frac{1/210}{115/210} = \frac{1}{115}$$     Here, $m = 1$ and $n = 115$. Since 1 and 115 are relatively prime positive integers, we have:     $$m + n = 1 + 115 = 116$$  ANSWER: 116",1,41.4
aime2024,2024-I-3,809,809,1,"To determine the number of positive integers $n \le 2024$ for which Bob has a winning strategy, we analyze the game as an impartial game under the normal play convention (the last player to move wins). Bob has a winning strategy if and only if the starting position $n$ is a $P$-position (Previous player winning position).  A position $n$ is a $P$-position if every possible move from $n$ leads to an $N$-position. A position $n$ is an $N$-position if there exists at least one move from $n$ that leads to a $P$-position. The base case is $n=0$, which is a $P$-position. The available moves are to remove either 1 or 4 tokens.  We determine the status of the first few positions: - $n=0$: $P$ (Base case) - $n=1$: $N$ (Alice can move to $n=0$, which is $P$) - $n=2$: $P$ (Alice can only move to $n=1$, which is $N$) - $n=3$: $N$ (Alice can move to $n=2$, which is $P$) - $n=4$: $N$ (Alice can move to $n=0$, which is $P$) - $n=5$: $P$ (Alice can move to $n=4$ or $n=1$, both of which are $N$) - $n=6$: $N$ (Alice can move to $n=5$, which is $P$) - $n=7$: $P$ (Alice can move to $n=6$ or $n=3$, both of which are $N$) - $n=8$: $N$ (Alice can move to $n=7$, which is $P$) - $n=9$: $N$ (Alice can move to $n=5$, which is $P$) - $n=10$: $P$ (Alice can move to $n=9$ or $n=6$, both of which are $N$)  The $P$-positions follow a periodic pattern: $n \equiv 0 \pmod 5$ or $n \equiv 2 \pmod 5$. Verification of the period $T=5$: - If $n \equiv 0 \pmod 5$, moves lead to $n-1 \equiv 4 \pmod 5$ and $n-4 \equiv 1 \pmod 5$. Since $1, 4 \pmod 5$ are $N$-positions, $n$ is a $P$-position. - If $n \equiv 1 \pmod 5$, a move to $n-1 \equiv 0 \pmod 5$ leads to a $P$-position, so $n$ is an $N$-position. - If $n \equiv 2 \pmod 5$, moves lead to $n-1 \equiv 1 \pmod 5$ and $n-4 \equiv 3 \pmod 5$. Since $1, 3 \pmod 5$ are $N$-positions, $n$ is a $P$-position. - If $n \equiv 3 \pmod 5$, a move to $n-1 \equiv 2 \pmod 5$ leads to a $P$-position, so $n$ is an $N$-position. - If $n \equiv 4 \pmod 5$, a move to $n-4 \e",1,82.4
aime2024,2024-I-8,197,197,1,"To find the inradius $r_{in}$ of $\triangle ABC$, we analyze the geometry of the circles. Let the radius of the circles in the first case be $r_1 = 34$ and the number of circles be $N_1 = 8$. In the second case, the radius is $r_2 = 1$ and the number of circles is $N_2 = 2024$.  The circles are ""sequentially tangent,"" meaning their centers $O_1, O_2, \dots, O_N$ form a line segment of length $2(N-1)r$. The problem states that two of the circles are tangent to $AB$ and $BC$, respectively. For the arrangement to be consistent across different radii and numbers of circles, the chain of circles must lie along a line parallel to the side $AC$.  Let the distance from the vertex $A$ to the point of tangency of the incircle with $AC$ be $s-a$ and from $C$ be $s-c$. The length of $AC$ is $b = (s-a) + (s-c) = r_{in}(\cot \frac{A}{2} + \cot \frac{C}{2})$. Let $K = \cot \frac{A}{2} + \cot \frac{C}{2}$. Then $b = r_{in} K$.  For a chain of $N$ circles of radius $r$ tangent to $AC$, the distance between the points of tangency of the first and last circles with $AC$ is $2(N-1)r$. The first circle $C_1$ is tangent to $AB$ and $AC$, so the distance from $A$ to its point of tangency with $AC$ is $r \cot \frac{A}{2}$. Similarly, the distance from $C$ to the point of tangency of $C_N$ with $AC$ is $r \cot \frac{C}{2}$. Thus, the total length $AC$ is: $b = r \cot \frac{A}{2} + 2(N-1)r + r \cot \frac{C}{2} = r(K + 2(N-1))$.  We set up the equations for the two cases: 1) $r_{in} K = 34(K + 2(8-1)) = 34(K + 14) = 34K + 476$ 2) $r_{in} K = 1(K + 2(2024-1)) = K + 4046$  Equating the two expressions for $r_{in} K$: $34K + 476 = K + 4046$ $33K = 3570$ $K = \frac{3570}{33} = \frac{1190}{11}$  Now we substitute $K$ back into the second equation to find $r_{in}$: $r_{in} K = K + 4046$ $r_{in} = 1 + \frac{4046}{K} = 1 + \frac{4046}{1190/11} = 1 + \frac{4046 \cdot 11}{1190}$ Simplify the fraction $\frac{4046}{1190}$: $\frac{4046}{1190} = \frac{2023}{595}$ Dividing both by 119: $2023 \div 119 = 17$ ",1,67.4
aime2024,2024-I-12,385,124,0,"To find the number of intersections of the graphs of $y=4 g(f(\sin (2 \pi x)))$ and $x=4 g(f(\cos (3 \pi y)))$, we first analyze the composition $h(t) = 4g(f(t))$ for $t \in [-1, 1]$.  1.  **Analyze $f(t) = ||t| - \frac{1}{2}|$**:     For $t \in [-1, 1]$, $|t| \in [0, 1]$. The function $|t| - \frac{1}{2}$ ranges from $-\frac{1}{2}$ to $\frac{1}{2}$. Thus, $f(t) = ||t| - \frac{1}{2}|$ ranges from $0$ to $\frac{1}{2}$.     Specifically, $f(t) = 0$ when $|t| = \frac{1}{2}$ and $f(t) = \frac{1}{2}$ when $|t| = 0$ or $|t| = 1$.  2.  **Analyze $g(u) = ||u| - \frac{1}{4}|$ for $u \in [0, \frac{1}{2}]$**:     Since $u \ge 0$, $g(u) = |u - \frac{1}{4}|$. For $u \in [0, \frac{1}{2}]$, $u - \frac{1}{4}$ ranges from $-\frac{1}{4}$ to $\frac{1}{4}$. Thus, $g(u)$ ranges from $0$ to $\frac{1}{4}$.     Specifically, $g(u) = 0$ when $u = \frac{1}{4}$ and $g(u) = \frac{1}{4}$ when $u = 0$ or $u = \frac{1}{2}$.  3.  **Analyze $h(t) = 4g(f(t))$**:     $h(t) = 4 || |t| - \frac{1}{2} | - \frac{1}{4} |$.     For $t \in [0, 1]$, $h(t)$ is a piecewise linear ""W""-shaped function:     - At $t=0, h(0) = 4|1/2 - 1/4| = 1$.     - At $t=1/4, h(1/4) = 4|1/4 - 1/4| = 0$.     - At $t=1/2, h(1/2) = 4|0 - 1/4| = 1$.     - At $t=3/4, h(3/4) = 4|1/4 - 1/4| = 0$.     - At $t=1, h(1) = 4|1/2 - 1/4| = 1$.     Since $h(t)$ is even, it has the same behavior on $[-1, 0]$.  4.  **Analyze the equations**:     - $y = h(\sin(2\pi x))$: $\sin(2\pi x)$ is periodic with period 1. In one period $x \in [0, 1]$, $\sin(2\pi x)$ covers $[-1, 1]$ twice. Since $h(t)$ has 4 ""legs"" (linear segments) between $0$ and $1$ and $4$ between $-1$ and $0$, $h(\sin(2\pi x))$ is a highly oscillatory function ranging from $0$ to $1$.     - $x = h(\cos(3\pi y))$: Similarly, $\cos(3\pi y)$ is periodic with period $2/3$. For $y \in [0, 1]$, $\cos(3\pi y)$ covers $[-1, 1]$ one and a half times.  5.  **Counting Intersections**:     The function $y = h(\sin(2\pi x))$ consists of 8 linear segments per period of $\sin(2\pi x)$ (each segment go",0,96.8
aime2024,2024-I-11,371,369,0,"To find the probability that a regular octagon can be rotated so that all blue vertices end up at positions that were originally red, we represent the set of blue vertices as a subset $S$ of the vertices $\{0, 1, \dots, 7\}$. The total number of possible colorings is $2^8 = 256$.  A rotation by $k$ positions (where $k \in \{0, 1, \dots, 7\}$) maps each vertex $x$ to $(x+k) \pmod 8$. The condition that all blue vertices end up at positions that were originally red is equivalent to saying that the set of blue vertices after rotation, $\rho_k(S) = \{(s+k) \pmod 8 \mid s \in S\}$, is disjoint from the original set of blue vertices $S$. That is, $\rho_k(S) \cap S = \emptyset$.  We analyze the number of subsets $S$ for which there exists at least one $k \in \{0, 1, \dots, 7\}$ such that $\rho_k(S) \cap S = \emptyset$. 1. If $|S| = 0$, $S = \emptyset$, the condition is trivially satisfied for any $k$ (1 case). 2. If $|S| = 1$, $|S| = 2$, or $|S| = 3$, the number of differences between elements of $S$ is small. Specifically, for $|S|=3$, there are at most $3 \times 2 = 6$ differences. Since there are 8 possible rotations, at least one rotation $k$ will always avoid these differences (and $k=0$), meaning $\rho_k(S) \cap S = \emptyset$ is always possible.    - $|S|=1$: $\binom{8}{1} = 8$ cases.    - $|S|=2$: $\binom{8}{2} = 28$ cases.    - $|S|=3$: $\binom{8}{3} = 56$ cases. 3. If $|S| = 4$, there are $\binom{8}{4} = 70$ cases. We must check if a rotation $k$ exists. For example, if $S = \{0, 1, 2, 3\}$, $k=4$ gives $\rho_4(S) = \{4, 5, 6, 7\}$, and $\rho_4(S) \cap S = \emptyset$. If $S = \{0, 2, 4, 6\}$, any $k \in \{1, 3, 5, 7\}$ works. 4. If $|S| > 4$, then for any rotation $k$, $|\rho_k(S)| = |S| > 4$. Since the total number of vertices is 8, by the Pigeonhole Principle, $\rho_k(S) \cap S$ must contain at least $|S| + |S| - 8$ elements. Thus, if $|S| \ge 5$, $\rho_k(S) \cap S$ is never empty for any $k$.  Using a computational check or exhaustive search for $|S|=4$, we fi",1,96.7
aime2024,2024-II-11,601,601,1,"To find the number of triples of nonnegative integers $(a, b, c)$ satisfying the given conditions, we start with the two equations: 1. $a + b + c = 300$ 2. $a^2b + a^2c + b^2a + b^2c + c^2a + c^2b = 6,000,000$  First, we simplify the second expression. We use the identity for the product of the sum of variables and the sum of their pairwise products: $(a+b+c)(ab+bc+ca) = a^2b + abc + a^2c + ab^2 + b^2c + abc + abc + bc^2 + ac^2$ $(a+b+c)(ab+bc+ca) = (a^2b + a^2c + b^2a + b^2c + c^2a + c^2b) + 3abc$  Substituting the given values: $300(ab + bc + ca) = 6,000,000 + 3abc$ Dividing the entire equation by 3: $100(ab + bc + ca) = 2,000,000 + abc$ $100(ab + bc + ca) - abc = 2,000,000$  Since $a+b+c = 300$, we can write $ab + bc + ca = ab + c(a+b) = ab + c(300-c)$. Substituting this into the equation: $100(ab + 300c - c^2) - abc = 2,000,000$ $100ab + 30,000c - 100c^2 - abc = 2,000,000$ $ab(100 - c) = 100c^2 - 30,000c + 2,000,000$ $ab(100 - c) = 100(c^2 - 300c + 20,000)$  Notice that $c^2 - 300c + 20,000$ can be factored. We look for roots of $x^2 - 300x + 20,000 = 0$: $x = \frac{300 \pm \sqrt{90,000 - 80,000}}{2} = \frac{300 \pm 100}{2}$ The roots are $x = 200$ and $x = 100$. So, $c^2 - 300c + 20,000 = (c-100)(c-200)$.  The equation becomes: $ab(100 - c) = 100(c-100)(c-200)$ $ab(100 - c) = -100(100-c)(c-200)$  Case 1: $c = 100$. If $c = 100$, then $a + b = 200$. Since $a, b \ge 0$, there are $200 + 1 = 201$ such pairs $(a, b)$.  Case 2: $c \neq 100$. We can divide both sides by $(100 - c)$: $ab = -100(c-200) = 100(200-c)$ We also have $a+b = 300-c$. Let $S = a+b = 300-c$ and $P = ab = 100(200-c)$. $a$ and $b$ are the roots of the quadratic equation $t^2 - St + P = 0$: $t^2 - (300-c)t + 100(200-c) = 0$ For $a, b$ to be integers, the discriminant $D$ must be a perfect square: $D = (300-c)^2 - 4(100)(200-c) = 90,000 - 600c + c^2 - 80,000 + 400c = c^2 - 200c + 10,000$ $D = (c-100)^2$ The roots are $t = \frac{(300-c) \pm (c-100)}{2}$. $t_1 = \frac{300-c+c-100}{2} = \frac{200}{2} ",1,99.9
aime2024,2024-I-2,25,25,1,"To find the value of $xy$, we start with the given equations: 1. $\log_x(y^x) = 10$ 2. $\log_y(x^{4y}) = 10$  Given that $x > 1$ and $y > 1$.  **Step 1: Simplify the equations using the power rule for logarithms.** The power rule states that $\log_b(a^n) = n \log_b a$. Applying this to both equations: From Equation 1: $$x \log_x y = 10 \implies \log_x y = \frac{10}{x}$$ From Equation 2: $$4y \log_y x = 10 \implies \log_y x = \frac{10}{4y} = \frac{5}{2y}$$  **Step 2: Use the change of base property.** A fundamental property of logarithms is that $\log_x y$ and $\log_y x$ are reciprocals of each other: $$\log_x y \cdot \log_y x = 1$$  **Step 3: Substitute the expressions found in Step 1 into the reciprocal property.** Substitute $\log_x y = \frac{10}{x}$ and $\log_y x = \frac{5}{2y}$ into the equation: $$\left(\frac{10}{x}\right) \left(\frac{5}{2y}\right) = 1$$  **Step 4: Solve for $xy$.** Multiply the fractions: $$\frac{10 \cdot 5}{x \cdot 2y} = 1$$ $$\frac{50}{2xy} = 1$$ $$\frac{25}{xy} = 1$$ $$xy = 25$$  Since $x > 1$ and $y > 1$, the solution $xy = 25$ is consistent with the given constraints.  ANSWER: 25",1,63.9
aime2024,2024-II-6,55,55,1,"To find the sum of the elements of the set $A$, let $A = \{a_1, a_2, \dots, a_k\}$ be a set of distinct positive integers.  A finite nonempty set $B$ is counted in Bob's list if its maximum element $\max(B)$ is an element of $A$. For a fixed positive integer $m \in A$, we determine how many finite nonempty sets $B$ have $\max(B) = m$.  If $\max(B) = m$, then: 1. The element $m$ must be in $B$. 2. Every other element in $B$ must be chosen from the set $\{1, 2, \dots, m-1\}$.  The number of subsets of $\{1, 2, \dots, m-1\}$ is $2^{m-1}$. Since the element $m$ is always included, each such subset combined with $m$ forms a unique set $B$ with $\max(B) = m$. Thus, there are $2^{m-1}$ such sets $B$ for a given $m \in A$.  Since every finite nonempty set $B$ has a unique maximum element, the total number of sets in Bob's list is the sum of the number of sets for each $m \in A$: $$\text{Total sets } B = \sum_{a \in A} 2^{a-1}$$ We are given that this total is 2024: $$\sum_{a \in A} 2^{a-1} = 2024$$ This equation represents the binary expansion of 2024. We convert 2024 to binary to find the powers of 2 that sum to it: - $2024 = 1024 + 992 + 8 = 1024 + 512 + 480$ (too slow) - $2024 = 2^{10} + 992 + 8 = 1024 + 512 + 480$ - $2024 = 1024 + 512 + 256 + 232$ - $2024 = 1024 + 512 + 256 + 128 + 104$ - $2024 = 1024 + 512 + 256 + 128 + 64 + 40$ - $2024 = 1024 + 512 + 256 + 128 + 64 + 32 + 8$  Checking the sum: $1024 + 512 + 256 + 128 + 64 + 32 + 8 = 2024$. The powers of 2 are $2^{10}, 2^9, 2^8, 2^7, 2^6, 2^5, 2^3$. Comparing this to the form $\sum 2^{a-1}$, we have: $a_1-1 = 3 \implies a_1 = 4$ $a_2-1 = 5 \implies a_2 = 6$ $a_3-1 = 6 \implies a_3 = 7$ $a_4-1 = 7 \implies a_4 = 8$ $a_5-1 = 8 \implies a_5 = 9$ $a_6-1 = 9 \implies a_6 = 10$ $a_7-1 = 10 \implies a_7 = 11$  Thus, $A = \{4, 6, 7, 8, 9, 10, 11\}$. The sum of the elements of $A$ is: $4 + 6 + 7 + 8 + 9 + 10 + 11 = 55$  ANSWER: 55",1,77.9
aime2024,2024-I-7,540,540,1,"To find the largest possible real part of the expression $f(z) = (75+117i)z + \frac{96+144i}{z}$ given $|z|=4$, we represent $z$ in polar form. Let $z = 4e^{i\theta} = 4(\cos\theta + i\sin\theta)$ for $\theta \in [0, 2\pi)$.  Substituting $z$ into the expression: \[ f(z) = (75+117i)(4e^{i\theta}) + \frac{96+144i}{4e^{i\theta}} \] \[ f(z) = (300+468i)e^{i\theta} + (24+36i)e^{-i\theta} \]  We want to maximize the real part $\text{Re}(f(z))$. Using the Euler identity $e^{i\theta} = \cos\theta + i\sin\theta$ and $e^{-i\theta} = \cos\theta - i\sin\theta$, we expand the expression: \[ \text{Re}(f(z)) = \text{Re}\left((300+468i)(\cos\theta + i\sin\theta) + (24+36i)(\cos\theta - i\sin\theta)\right) \] \[ \text{Re}(f(z)) = (300\cos\theta - 468\sin\theta) + (24\cos\theta + 36\sin\theta) \] \[ \text{Re}(f(z)) = 324\cos\theta - 432\sin\theta \]  A function of the form $g(\theta) = a\cos\theta + b\sin\theta$ has a maximum value given by $\sqrt{a^2 + b^2}$. Here, $a = 324$ and $b = -432$. \[ \text{Max Re}(f(z)) = \sqrt{324^2 + (-432)^2} \]  To simplify the calculation, we factor out the greatest common divisor of 324 and 432, which is 108: \[ 324 = 108 \times 3 \] \[ 432 = 108 \times 4 \] \[ \text{Max Re}(f(z)) = \sqrt{(108 \times 3)^2 + (108 \times 4)^2} \] \[ \text{Max Re}(f(z)) = 108 \sqrt{3^2 + 4^2} \] \[ \text{Max Re}(f(z)) = 108 \sqrt{9 + 16} \] \[ \text{Max Re}(f(z)) = 108 \times 5 = 540 \]  ANSWER: 540",1,99.2
aime2024,2024-II-3,45,45,1,"To find the number of ways to fill a 2x3 grid with digits such that the sum of the two row numbers is $999$ and the sum of the three column numbers is $99$, let the grid be represented by: \[\begin{array}{|c|c|c|} \hline a & b & c \\ \hline d & e & f \\ \hline \end{array}\] where $a, b, c, d, e, f \in \{0, 1, \dots, 9\}$.  The row numbers are $R_1 = 100a + 10b + c$ and $R_2 = 100d + 10e + f$. The condition $R_1 + R_2 = 999$ gives: $100(a+d) + 10(b+e) + (c+f) = 999$. Since $c+f \le 18$ and $b+e \le 18$, the only way to satisfy this is if $c+f = 9$, $b+e = 9$, and $a+d = 9$. (If $c+f=19$, it's impossible; if $c+f=9$, then $10(b+e) + 100(a+d) = 990$, which implies $b+e$ must end in 9, so $b+e=9$ or $19$. If $b+e=9$, then $a+d=9$. If $b+e=19$, it's impossible).  The column numbers are $C_1 = 10a + d$, $C_2 = 10b + e$, and $C_3 = 10c + f$. The condition $C_1 + C_2 + C_3 = 99$ gives: $(10a + d) + (10b + e) + (10c + f) = 99$ $10(a+b+c) + (d+e+f) = 99$.  From the row conditions, we have $d = 9-a$, $e = 9-b$, and $f = 9-c$. Substituting these into the column sum equation: $10(a+b+c) + (9-a + 9-b + 9-c) = 99$ $10(a+b+c) + 27 - (a+b+c) = 99$ $9(a+b+c) = 72$ $a+b+c = 8$.  The problem reduces to finding the number of non-negative integer solutions to $a+b+c=8$ where $a, b, c \le 9$. Since the sum is 8, the condition $a, b, c \le 9$ is automatically satisfied. Using the stars and bars formula, the number of solutions is: $\binom{n+k-1}{k-1} = \binom{8+3-1}{3-1} = \binom{10}{2} = \frac{10 \times 9}{2} = 45$.  Each choice of $(a, b, c)$ uniquely determines $(d, e, f)$ via $d=9-a, e=9-b, f=9-c$. Since $a, b, c \le 8$, $d, e, f$ will always be between 1 and 9, which are valid digits.  ANSWER: 45",1,84.6
aime2024,2024-I-1,204,204,1,"To find the total time the walk takes when Aya walks at a speed of $s + \frac{1}{2}$ km/h, we first determine the values of $s$ (speed) and $t$ (coffee shop time).  Let $s$ be the walking speed in km/h and $t_{hr}$ be the time spent in the coffee shop in hours. The distance of the walk is $d = 9$ km. From the information given: 1.  When the speed is $s$ km/h, the total time is 4 hours:     $\frac{9}{s} + t_{hr} = 4$ 2.  When the speed is $s+2$ km/h, the total time is 2 hours and 24 minutes (which is $2 + \frac{24}{60} = 2.4$ hours):     $\frac{9}{s+2} + t_{hr} = 2.4$  Subtract the second equation from the first to eliminate $t_{hr}$: $\frac{9}{s} - \frac{9}{s+2} = 4 - 2.4$ $\frac{9(s+2) - 9s}{s(s+2)} = 1.6$ $\frac{18}{s^2 + 2s} = 1.6$ $1.6(s^2 + 2s) = 18$ $s^2 + 2s = \frac{18}{1.6} = 11.25$ $s^2 + 2s - 11.25 = 0$  Using the quadratic formula $s = \frac{-b \pm \sqrt{b^2 - 4ac}}{2a}$: $s = \frac{-2 \pm \sqrt{2^2 - 4(1)(-11.25)}}{2(1)} = \frac{-2 \pm \sqrt{4 + 45}}{2} = \frac{-2 \pm \sqrt{49}}{2} = \frac{-2 \pm 7}{2}$ Since speed must be positive, $s = \frac{5}{2} = 2.5$ km/h.  Now, find $t_{hr}$ using the first equation: $\frac{9}{2.5} + t_{hr} = 4$ $3.6 + t_{hr} = 4$ $t_{hr} = 0.4$ hours (which is $0.4 \times 60 = 24$ minutes).  Finally, calculate the total time $T_3$ when the speed is $s + \frac{1}{2} = 2.5 + 0.5 = 3$ km/h: $T_3 = \frac{9}{3} + t_{hr}$ $T_3 = 3 + 0.4 = 3.4$ hours.  Convert the total time into minutes: $T_3 = 3.4 \times 60 = 204$ minutes.  ANSWER: 204",1,122.9
aime2024,2024-II-7,699,699,1,"To find the greatest four-digit positive integer $N = 1000d_3 + 100d_2 + 10d_1 + d_0$ such that replacing any digit $d_i$ with $1$ results in a number divisible by $7$, we set up the following conditions: 1. $N_3 = 1000 + 100d_2 + 10d_1 + d_0 \equiv 0 \pmod 7$ 2. $N_2 = 1000d_3 + 100 + 10d_1 + d_0 \equiv 0 \pmod 7$ 3. $N_1 = 1000d_3 + 100d_2 + 10 + d_0 \equiv 0 \pmod 7$ 4. $N_0 = 1000d_3 + 100d_2 + 10d_1 + 1 \equiv 0 \pmod 7$  Using modular arithmetic (modulo 7): - $1000 \equiv 6 \pmod 7$ - $100 \equiv 2 \pmod 7$ - $10 \equiv 3 \pmod 7$ - $1 \equiv 1 \pmod 7$  The equations become: 1. $6 + 2d_2 + 3d_1 + d_0 \equiv 0 \pmod 7$ 2. $6d_3 + 2 + 3d_1 + d_0 \equiv 0 \pmod 7$ 3. $6d_3 + 2d_2 + 3 + d_0 \equiv 0 \pmod 7$ 4. $6d_3 + 2d_2 + 3d_1 + 1 \equiv 0 \pmod 7$  Subtracting (2) from (1): $6 - 6d_3 + 2d_2 - 2 \equiv 0 \implies 2d_2 - 6d_3 + 4 \equiv 0 \pmod 7$. Since $-6 \equiv 1 \pmod 7$, we have $2d_2 + d_3 \equiv -4 \equiv 3 \pmod 7$. Subtracting (3) from (2): $2 - 2d_2 + 3d_1 - 3 \equiv 0 \implies 3d_1 - 2d_2 - 1 \equiv 0 \pmod 7$. Subtracting (4) from (3): $3 - 3d_1 + d_0 - 1 \equiv 0 \implies d_0 - 3d_1 + 2 \equiv 0 \pmod 7$.  To maximize $N$, we start with the largest possible $d_3 = 9$: $2d_2 + 9 \equiv 3 \pmod 7 \implies 2d_2 \equiv -6 \equiv 1 \pmod 7 \implies d_2 = 4$. Now find $d_1$: $3d_1 - 2(4) - 1 \equiv 0 \pmod 7 \implies 3d_1 - 9 \equiv 0 \pmod 7 \implies 3d_1 \equiv 2 \pmod 7 \implies d_1 = 3$. Now find $d_0$: $d_0 - 3(3) + 2 \equiv 0 \pmod 7 \implies d_0 - 7 \equiv 0 \pmod 7 \implies d_0 = 0$ or $7$. The largest $d_0$ is 7. Check $N = 9437$: - $1437 = 7 \times 205 + 2$ (Incorrect).  Wait, let's re-evaluate the equations. 1. $2d_2 + 3d_1 + d_0 \equiv 1 \pmod 7$ 2. $6d_3 + 3d_1 + d_0 \equiv 5 \pmod 7$ 3. $6d_3 + 2d_2 + d_0 \equiv 4 \pmod 7$ 4. $6d_3 + 2d_2 + 3d_1 \equiv 6 \pmod 7$  From (1) and (2): $2d_2 - 6d_3 \equiv -4 \equiv 3 \pmod 7 \implies 2d_2 + d_3 \equiv 3 \pmod 7$. From (2) and (3): $3d_1 - 2d_2 \equiv 1 \pmod 7$. From (3) and (4): $d_0 - 3d_1 ",1,156.7
aime2024,2024-I-6,294,294,1,"To find the number of paths of length 16 from the lower left corner $(0,0)$ to the upper right corner $(8,8)$ of an $8 \times 8$ grid that change direction exactly four times, we first note that any such path consists of 8 Right (R) moves and 8 Up (U) moves.  A change in direction occurs whenever a Right move is followed by an Up move, or an Up move is followed by a Right move. If a path changes direction exactly $k$ times, it must be composed of $k+1$ blocks of identical moves. For $k=4$, there are $k+1 = 5$ blocks.  There are two possible sequences for these blocks: 1.  **Case 1: R, U, R, U, R**     In this case, the path starts with a Right move and ends with a Right move.     Let $r_1, r_2, r_3$ be the number of moves in the first, third, and fifth blocks (all Right), and $u_1, u_2$ be the number of moves in the second and fourth blocks (all Up).     The total number of moves must be 8 for each direction:     - $r_1 + r_2 + r_3 = 8$, where $r_i \ge 1$     - $u_1 + u_2 = 8$, where $u_i \ge 1$     Using the stars and bars formula, the number of positive integer solutions for $r$ is $\binom{8-1}{3-1} = \binom{7}{2} = 21$.     The number of positive integer solutions for $u$ is $\binom{8-1}{2-1} = \binom{7}{1} = 7$.     Total paths for Case 1: $21 \times 7 = 147$.  2.  **Case 2: U, R, U, R, U**     In this case, the path starts with an Up move and ends with an Up move.     Let $u_1, u_2, u_3$ be the number of moves in the first, third, and fifth blocks (all Up), and $r_1, r_2$ be the number of moves in the second and fourth blocks (all Right).     - $u_1 + u_2 + u_3 = 8$, where $u_i \ge 1$     - $r_1 + r_2 = 8$, where $r_i \ge 1$     The number of positive integer solutions for $u$ is $\binom{8-1}{3-1} = \binom{7}{2} = 21$.     The number of positive integer solutions for $r$ is $\binom{8-1}{2-1} = \binom{7}{1} = 7$.     Total paths for Case 2: $21 \times 7 = 147$.  Summing the paths from both cases: $147 + 147 = 294$.  ANSWER: 294",1,134.5
aime2024,2024-I-13,110,134,0,"To find the least prime $p$ such that there exists a positive integer $n$ for which $p^2$ divides $n^4 + 1$, we first examine the condition $n^4 \equiv -1 \pmod{p}$.  1.  **Condition for $n^4 \equiv -1 \pmod{p}$**:     This congruence implies $n^8 \equiv 1 \pmod{p}$. The order of $n$ modulo $p$ must be exactly 8. By Fermat's Little Theorem, $n^{p-1} \equiv 1 \pmod{p}$, so $8$ must divide $p-1$. Thus, $p \equiv 1 \pmod{8}$.     The primes satisfying this are $17, 41, 73, 89, 97, \dots$.  2.  **Lifting to $p^2$ (Hensel's Lemma)**:     Let $f(x) = x^4 + 1$. If there exists an integer $a$ such that $f(a) \equiv 0 \pmod{p}$ and $f'(a) \not\equiv 0 \pmod{p}$, then there exists a unique $m \pmod{p^2}$ such that $f(m) \equiv 0 \pmod{p^2}$.     Here $f'(x) = 4x^3$. For any $a$ such that $a^4 \equiv -1 \pmod{p}$, we have $a \not\equiv 0 \pmod{p}$, so $f'(a) = 4a^3 \not\equiv 0 \pmod{p}$ (since $p \neq 2$).     Therefore, for any prime $p \equiv 1 \pmod{8}$, there exist solutions to $m^4 + 1 \equiv 0 \pmod{p^2}$. The least such prime is $p = 17$.  3.  **Finding the least positive integer $m$ for $p = 17$**:     We need $m^4 \equiv -1 \pmod{17^2}$, where $17^2 = 289$.     First, find $a$ such that $a^4 \equiv -1 \pmod{17}$.     $a^2 \equiv \pm 4 \pmod{17}$.     If $a^2 \equiv 4 \pmod{17}$, then $a \equiv 2, 15 \pmod{17}$.     If $a^2 \equiv -4 \equiv 13 \pmod{17}$, then $a \equiv 8, 9 \pmod{17}$.      We use the lifting formula $m = a + kp$. We want $(a+17k)^4 \equiv -1 \pmod{289}$.     Expanding using the binomial theorem:     $a^4 + 4a^3(17k) \equiv -1 \pmod{289}$     $68a^3k \equiv -1 - a^4 \pmod{289}$      Case $a = 2$:     $68(8)k \equiv -1 - 16 \pmod{289}$     $544k \equiv -17 \pmod{289}$     Since $544 = 289 \times 1 + 255$, we have $255k \equiv -17 \pmod{289}$.     Dividing by 17: $15k \equiv -1 \pmod{17}$.     $15k \equiv 16 \pmod{17} \implies -2k \equiv -1 \pmod{17} \implies 2k \equiv 1 \equiv 18 \pmod{17} \implies k \equiv 9 \pmod{17}$.     $m = 2 + 17(9) = 2 + 153 =",1,91.0
aime2024,2024-I-15,721,721,1,"To find the radius $r$ of the smallest sphere that can contain each of the rectangular boxes in $\mathcal{B}$, we first identify the constraints on the dimensions $x, y, z$ of a box in $\mathcal{B}$: 1. Surface Area: $2(xy + yz + zx) = 54 \implies xy + yz + zx = 27$. 2. Volume: $xyz = 23$.  A rectangular box with dimensions $x, y, z$ fits inside a sphere of radius $r$ if the space diagonal of the box is less than or equal to the diameter of the sphere: $x^2 + y^2 + z^2 \le (2r)^2$. To contain *each* box in $\mathcal{B}$, the sphere must be large enough to accommodate the box with the maximum space diagonal. Thus, $4r^2 = \max(x^2 + y^2 + z^2)$. Using the identity $x^2 + y^2 + z^2 = (x+y+z)^2 - 2(xy + yz + zx)$, we have $4r^2 = \max((x+y+z)^2 - 54)$. Let $s = x+y+z$. The dimensions $x, y, z$ are the roots of the polynomial $P(t) = t^3 - st^2 + 27t - 23 = 0$. For these roots to be real and positive, the cubic must have three real roots. The condition for a cubic $t^3 + at^2 + bt + c = 0$ to have three real roots involves the discriminant $\Delta$. For $P(t)$, the discriminant is: $\Delta = s^2(27)^2 - 4(27)^3 - 4s^3(-23) - 27s^2(-23) - 18s(27)(-23)$ is incorrect. Using the condition for real roots: $P'(t) = 3t^2 - 2st + 27$. For extrema to exist, the discriminant of $P'(t)$ must be non-negative: $4s^2 - 4(3)(27) \ge 0 \implies s^2 \ge 81 \implies s \ge 9$. The roots of $P'(t)$ are $t = \frac{2s \pm \sqrt{4s^2 - 324}}{6} = \frac{s \pm \sqrt{s^2 - 81}}{3}$. For three real roots, $P(t_{max}) \ge 0$ and $P(t_{min}) \le 0$. $P(t) = t(t^2 + 27) - s t^2 - 23$. At $P'(t)=0$, $s = \frac{3t^2+27}{2t}$. Substituting $s$ into $P(t) = 0$: $t^3 - \frac{3t^2+27}{2t}t^2 + 27t - 23 = 0 \implies t^3 - \frac{3t^3+27t}{2} + 27t - 23 = 0$ $-t^3 + 27t - 54 = 0 \implies t^3 - 27t + 54 = 0$. Testing for roots of $t^3 - 27t + 54 = 0$: $t=3$ gives $27 - 81 + 54 = 0$. Dividing by $(t-3)$, we get $(t-3)(t^2+3t-18) = (t-3)(t+6)(t-3) = (t-3)^2(t+6)$. The critical values of $s$ occur when the cubic",0,186.4
aime2024,2024-II-15,315,54,0,"To find the number of rectangles that can be formed using the vertices of a regular dodecagon, we use the properties of rectangles inscribed in a circle.  1.  **Circumcircle Property**: A regular dodecagon is inscribed in a circumcircle. Any rectangle whose vertices are also vertices of the dodecagon must be inscribed in this same circumcircle. 2.  **Diagonals of a Rectangle**: A fundamental property of any rectangle inscribed in a circle is that its diagonals must be diameters of that circle. 3.  **Identifying Diameters**: In a regular $n$-gon where $n$ is even, a diameter of the circumcircle is a line segment connecting two opposite vertices. For a regular dodecagon ($n = 12$), there are $12 / 2 = 6$ such diameters. 4.  **Forming a Rectangle**: Any two distinct diameters of the circumcircle can serve as the diagonals of a rectangle. The four endpoints of these two diameters will always form the vertices of a rectangle. 5.  **Calculation**: The number of ways to choose 2 distinct diameters from the 6 available diameters is given by the combination formula $\binom{n}{k}$:     $$\binom{6}{2} = \frac{6 \times 5}{2 \times 1} = 15$$  Since each pair of diameters uniquely determines one rectangle, there are 15 such rectangles.  ANSWER: 15",0,126.2
aime2024,2024-II-10,468,468,1,"To find the product $AB \cdot AC$, we use the properties of the circumcenter $O$ and the incenter $I$ of $\triangle ABC$.  1.  **Calculate the distance $OI$**:     Euler's theorem for the distance between the circumcenter and the incenter is given by:     $$OI^2 = R(R - 2r)$$     Given $R = 13$ and $r = 6$:     $$OI^2 = 13(13 - 2(6)) = 13(13 - 12) = 13(1) = 13$$     Thus, $OI = \sqrt{13}$.  2.  **Determine the distance $IA$**:     Since $\overline{IA} \perp \overline{OI}$, $\triangle OIA$ is a right triangle with hypotenuse $OA$. The circumradius $OA = R = 13$. By the Pythagorean theorem:     $$OI^2 + IA^2 = OA^2$$     $$13 + IA^2 = 13^2 = 169$$     $$IA^2 = 169 - 13 = 156 \implies IA = \sqrt{156} = 2\sqrt{39}$$  3.  **Find $\sin(A/2)$ and $\sin A$**:     The distance $IA$ is related to the inradius $r$ by $IA = \frac{r}{\sin(A/2)}$.     $$2\sqrt{39} = \frac{6}{\sin(A/2)} \implies \sin(A/2) = \frac{6}{2\sqrt{39}} = \frac{3}{\sqrt{39}}$$     Then, $\sin^2(A/2) = \frac{9}{39} = \frac{3}{13}$.     Using $\cos A = 1 - 2\sin^2(A/2)$:     $$\cos A = 1 - 2\left(\frac{3}{13}\right) = 1 - \frac{6}{13} = \frac{7}{13}$$     Since $\sin^2 A + \cos^2 A = 1$:     $$\sin A = \sqrt{1 - \left(\frac{7}{13}\right)^2} = \sqrt{1 - \frac{49}{169}} = \sqrt{\frac{120}{169}} = \frac{2\sqrt{30}}{13}$$  4.  **Calculate $AB \cdot AC$**:     Let $b = AC$ and $c = AB$. The area of $\triangle ABC$ can be expressed in two ways:     $\text{Area} = rs = r \frac{a+b+c}{2}$ and $\text{Area} = \frac{1}{2}bc \sin A$.     Also, $a = 2R \sin A = 2(13) \frac{2\sqrt{30}}{13} = 4\sqrt{30}$.     From $IA = \frac{r}{\sin(A/2)}$, we have $s-a = r \cot(A/2)$.     $\cot(A/2) = \frac{\cos(A/2)}{\sin(A/2)} = \frac{\sqrt{1 - 3/13}}{\sqrt{3/13}} = \frac{\sqrt{10/13}}{\sqrt{3/13}} = \sqrt{\frac{10}{3}}$.     $s-a = 6 \sqrt{\frac{10}{3}} = 2\sqrt{30}$.     Then $s = (s-a) + a = 2\sqrt{30} + 4\sqrt{30} = 6\sqrt{30}$.     The area is $\text{Area} = rs = 6(6\sqrt{30}) = 36\sqrt{30}$.     Equating the area formulas:     $$",1,119.1
aime2024,2024-II-9,902,1022,0,"To solve this problem, let's define the constraints on placing chips in a $5 \times 5$ grid. Let $S$ be the set of occupied cells, and for each $(i, j) \in S$, let $f(i, j) \in \{W, B\}$ be the color of the chip.  1.  **Row and Column Constraints:** If $(i, j) \in S$ and $(i, k) \in S$, then $f(i, j) = f(i, k)$. Similarly, if $(i, j) \in S$ and $(m, j) \in S$, then $f(i, j) = f(m, j)$. 2.  **Maximality:** An empty cell $(i, j)$ cannot be filled with a white chip if row $i$ contains a black chip or column $j$ contains a black chip. Similarly, it cannot be filled with a black chip if row $i$ contains a white chip or column $j$ contains a white chip.  Let $R_i$ be the color of chips in row $i$ and $C_j$ be the color of chips in column $j$. If a row or column is empty, its color is undefined. If $(i, j) \in S$, then $R_i = C_j = f(i, j)$. For an empty cell $(i, j)$ to be ""unfillable"" by either color, it must be that: - To block a white chip: Row $i$ has a black chip OR Column $j$ has a black chip. - To block a black chip: Row $i$ has a white chip OR Column $j$ has a white chip.  Let $S_W$ be the set of rows containing white chips and $T_W$ be the set of columns containing white chips. Similarly, $S_B$ and $T_B$ for black chips. The row/column constraints imply that $S_W \cap S_B = \emptyset$ and $T_W \cap T_B = \emptyset$. Also, if $(i, j) \in S$ and $f(i, j) = W$, then $i \in S_W$ and $j \in T_W$. The maximality condition for cell $(i, j) \notin S$ means: - $(i \in S_B \text{ or } j \in T_B)$ AND $(i \in S_W \text{ or } j \in T_W)$.  Case 1: All chips are the same color (e.g., White). Then $S_B = \emptyset$ and $T_B = \emptyset$. The condition $(i \in S_B \text{ or } j \in T_B)$ can never be true. Thus, this case is impossible unless no cells are empty, but the grid is $5 \times 5$ and we only have 25 chips of each color. However, if all chips are white, any empty cell could potentially take a black chip unless the row/column constraints are violated. If $S_B = T_B = \",1,259.5
aime2024,2024-II-14,211,121,0,"To find the least integer $b \geq 2$ for which there are more than ten $b$-eautiful integers, we start with the definition. A positive integer $n$ is $b$-eautiful if it has exactly two digits in base $b$ and the sum of these digits is $\sqrt{n}$. Let the digits of $n$ in base $b$ be $d_1$ and $d_0$. Then: 1. $n = d_1 b + d_0$, where $1 \leq d_1 < b$ and $0 \leq d_0 < b$. 2. $d_1 + d_0 = \sqrt{n}$.  Squaring the second equation gives $n = (d_1 + d_0)^2$. Substituting this into the first equation: $(d_1 + d_0)^2 = d_1 b + d_0$ $d_1^2 + 2d_1 d_0 + d_0^2 = d_1 b + d_0$ $d_1 b = d_1^2 + 2d_1 d_0 + d_0^2 - d_0$ $b = d_1 + 2d_0 + \frac{d_0(d_0 - 1)}{d_1}$  For $b$ to be an integer, $d_1$ must divide $d_0(d_0 - 1)$. Let $s = d_1 + d_0 = \sqrt{n}$. Then $d_0 = s - d_1$. Substituting $d_0$ back into the equation $d_1 b + d_0 = s^2$: $d_1 b + (s - d_1) = s^2$ $d_1(b - 1) = s^2 - s = s(s - 1)$ $b - 1 = \frac{s(s - 1)}{d_1}$  We are given the constraints $1 \leq d_1 < b$ and $0 \leq d_0 < b$. Since $d_0 = s - d_1$, the condition $0 \leq d_0 < b$ implies $d_1 \leq s < b + d_1$. From $d_1(b - 1) = s(s - 1)$, we have $d_1 = \frac{s(s - 1)}{b - 1}$. The condition $d_1 < b$ implies $\frac{s(s - 1)}{b - 1} < b$, which is $s^2 - s < b^2 - b$. This is true if $s \leq b$. The condition $d_1 \geq 1$ implies $s(s - 1) \geq b - 1$, which is true if $s \geq 2$ (since $s=1$ gives $d_1=0$). The condition $d_0 < b$ implies $s - \frac{s(s - 1)}{b - 1} < b \implies \frac{s(b - 1) - s(s - 1)}{b - 1} < b \implies \frac{s(b - s)}{b - 1} < b$. Since $s \leq b$, this is always true. The condition $d_0 \geq 0$ implies $s \geq d_1$, which is $s \geq \frac{s(s - 1)}{b - 1} \implies b - 1 \geq s - 1 \implies b \geq s$.  Thus, for a fixed $b$, the number of $b$-eautiful integers is the number of integers $s$ such that $2 \leq s \leq b$ and $s(s - 1)$ is a multiple of $b - 1$. Let $m = b - 1$. We seek the smallest $m$ such that the congruence $s^2 - s \equiv 0 \pmod{m}$ has more than 10 solutions in the ran",1,86.0
aime2024,2024-II-5,80,80,1,"To find the side length $s$ of the convex equilateral hexagon $ABCDEF$, we start with the given properties: 1. All sides of the hexagon are equal: $AB = BC = CD = DE = EF = FA = s$. 2. Opposite sides are parallel: $AB \parallel DE$, $BC \parallel EF$, and $CD \parallel FA$. 3. The extensions of the sides $AB$, $CD$, and $EF$ form a triangle $T$. Let the side lengths of $T$ be $a = 200$, $b = 240$, and $c = 300$.  Let the vertices of the triangle $T$ be $P, Q, R$. The sides of the hexagon $AB$, $CD$, and $EF$ lie on the lines $PQ$, $QR$, and $RP$ respectively. Since $BC$ is a side of the hexagon and $BC \parallel EF$, and $EF$ lies on the line $RP$, it follows that $BC \parallel RP$. In $\triangle PQR$, since $B$ lies on $PQ$ and $C$ lies on $QR$, the triangle $BQC$ is similar to $\triangle PQR$. The ratio of similarity is: $$\frac{BC}{PR} = \frac{s}{c}$$ Similarly, since $DE \parallel AB$ and $AB$ lies on $PQ$, the triangle $DRE$ is similar to $\triangle PQR$ with ratio: $$\frac{DE}{PQ} = \frac{s}{a}$$ And since $FA \parallel CD$ and $CD$ lies on $QR$, the triangle $FPA$ is similar to $\triangle PQR$ with ratio: $$\frac{FA}{QR} = \frac{s}{b}$$  Now, let's consider the side $PQ$ of the triangle $T$. It is composed of the segment $AB$ and the segments $PA$ and $BQ$. From the similarity $\triangle FPA \sim \triangle PQR$, we have $PA = \frac{s}{b} \cdot PQ = \frac{s}{b} \cdot a$. From the similarity $\triangle BQC \sim \triangle PQR$, we have $BQ = \frac{s}{c} \cdot PQ = \frac{s}{c} \cdot a$. Thus, the total length of $PQ$ is: $$PQ = PA + AB + BQ \implies a = \frac{s \cdot a}{b} + s + \frac{s \cdot a}{c}$$ Dividing both sides by $a$: $$1 = \frac{s}{b} + \frac{s}{a} + \frac{s}{c} = s \left( \frac{1}{a} + \frac{1}{b} + \frac{1}{c} \right)$$ Solving for $s$: $$s = \frac{1}{\frac{1}{a} + \frac{1}{b} + \frac{1}{c}} = \frac{abc}{ab + bc + ca}$$ Substituting the given values $a = 200, b = 240, c = 300$: $$\frac{1}{s} = \frac{1}{200} + \frac{1}{240} + \frac{1}{300}$$ Finding a",1,70.3
aime2024,2024-I-9,480,480,1,"To find the greatest real number that is less than $BD^2$ for all such rhombi, we analyze the properties of the rhombus $ABCD$ and the given hyperbola.  1.  **Rhombus Properties**: In a rhombus, the diagonals bisect each other and are perpendicular. Since the diagonals intersect at the origin $O(0,0)$, the points $A, C$ are symmetric with respect to the origin ($C = -A$), and the points $B, D$ are symmetric with respect to the origin ($D = -B$). Let $A = (x_1, y_1)$ and $B = (x_2, y_2)$. 2.  **Hyperbola Constraints**: Since $A$ and $B$ lie on the hyperbola $\frac{x^2}{20} - \frac{y^2}{24} = 1$:     $$\frac{x_1^2}{20} - \frac{y_1^2}{24} = 1 \implies y_1^2 = \frac{24}{20}x_1^2 - 24 = 1.2x_1^2 - 24$$     $$\frac{x_2^2}{20} - \frac{y_2^2}{24} = 1 \implies y_2^2 = \frac{24}{20}x_2^2 - 24 = 1.2x_2^2 - 24$$ 3.  **Perpendicularity**: Since the diagonals $AC$ and $BD$ are perpendicular, $\vec{OA} \cdot \vec{OB} = 0$:     $$x_1 x_2 + y_1 y_2 = 0 \implies x_1^2 x_2^2 = y_1^2 y_2^2$$ 4.  **Solving for $BD^2$**: Substituting the expressions for $y_1^2$ and $y_2^2$:     $$x_1^2 x_2^2 = (1.2x_1^2 - 24)(1.2x_2^2 - 24)$$     $$x_1^2 x_2^2 = 1.44 x_1^2 x_2^2 - 28.8(x_1^2 + x_2^2) + 576$$     $$0.44 x_1^2 x_2^2 - 28.8(x_1^2 + x_2^2) + 576 = 0$$     Let $u = x_1^2$ and $w = x_2^2$. Since $y^2 \ge 0$, we must have $u \ge 20$ and $w \ge 20$.     $$0.44 uw - 28.8(u + w) + 576 = 0 \implies u(0.44w - 28.8) = 28.8w - 576$$     $$u = \frac{28.8w - 576}{0.44w - 28.8}$$     For $u \ge 20$, we must have $0.44w - 28.8 > 0$, which implies $w > \frac{28.8}{0.44} = \frac{720}{11} \approx 65.45$. 5.  **Minimizing $BD^2$**:     $BD^2 = (2x_2)^2 + (2y_2)^2 = 4(x_2^2 + y_2^2) = 4(w + 1.2w - 24) = 4(2.2w - 24) = 8.8w - 96$.     Since $w > \frac{720}{11}$, the infimum of $BD^2$ is:     $$BD^2 > 8.8 \left(\frac{720}{11}\right) - 96 = 0.8(720) - 96 = 576 - 96 = 480$$  ANSWER: 480",1,73.9
aime2024,2024-II-2,236,236,1,"To find the sum of the squares of all items in the list, we must first determine the elements of the list based on the given properties.  1.  **Unique Mode**: The unique mode is 9. This means 9 must appear at least twice, and no other number can appear as many or more times. 2.  **Sum**: The sum of all positive integers in the list is 30.     *   If 9 appears three times, the sum is $27$. The remaining sum is $30 - 27 = 3$.         *   Possible remaining elements: $\{1, 1, 1\}$ (mode not unique), $\{1, 2\}$ (list length $n=5$, median is 9, which is in the list), or $\{3\}$ (list length $n=4$, sorted list $\{3, 9, 9, 9\}$, median is $(9+9)/2 = 9$, which is in the list).     *   Therefore, 9 must appear exactly twice. 3.  **Median**: The median is a positive integer not in the list.     *   If the number of elements $n$ is odd, the median is the middle element, which must be in the list. Thus, $n$ must be even.     *   For $n = 2m$, the median is the average of the $m$-th and $(m+1)$-th elements: $\frac{x_m + x_{m+1}}{2}$.     *   For the median to be an integer not in the list, $x_m$ and $x_{m+1}$ must have the same parity and $x_m < x_{m+1}$. 4.  **Constructing the List**:     *   We have two 9s. The sum of the remaining elements is $30 - 18 = 12$.     *   Since 9 is the unique mode, no other number can appear twice or more. Thus, all other elements must be distinct.     *   Let's test even values of $n$.     *   If $n=6$: We need 4 distinct positive integers (excluding 9) that sum to 12.         *   Possible sets: $\{1, 2, 3, 6\}$, $\{1, 2, 4, 5\}$.         *   For $\{1, 2, 3, 6, 9, 9\}$, sorted list is $1, 2, 3, 6, 9, 9$. Median is $\frac{3+6}{2} = 4.5$ (not an integer).         *   For $\{1, 2, 4, 5, 9, 9\}$, sorted list is $1, 2, 4, 5, 9, 9$. Median is $\frac{4+5}{2} = 4.5$ (not an integer).     *   If $n=8$: We need 6 distinct positive integers (excluding 9) that sum to 12.         *   The smallest 6 distinct positive integers are $1, 2, 3, 4, 5, 6$, but their  [dt answer text truncated by patch; final answer 236]",1,1,122.9
aime2024,2024-II-1,73,244,0,"To find the number of residents who own all four items, we define the sets of residents owning each item: - Let $D$ be the set of residents owning a diamond ring: $|D| = 195$ - Let $G$ be the set of residents owning golf clubs: $|G| = 367$ - Let $S$ be the set of residents owning a garden spade: $|S| = 562$ - Let $C$ be the set of residents owning candy hearts: $|C| = 900$  Let $x_k$ be the number of residents who own exactly $k$ of these items. Since every resident owns a bag of candy hearts, $x_0 = 0$ and $k$ can only range from 1 to 4. The total number of residents is given by: $$x_1 + x_2 + x_3 + x_4 = 900$$ We are given: - $x_2 = 437$ (residents owning exactly two items) - $x_3 = 234$ (residents owning exactly three items)  Substituting these into the total population equation: $$x_1 + 437 + 234 + x_4 = 900$$ $$x_1 + x_4 = 900 - 671 = 229$$  The sum of the sizes of the individual sets is equal to the sum of $k \cdot x_k$: $$\sum |S_i| = 1 \cdot x_1 + 2 \cdot x_2 + 3 \cdot x_3 + 4 \cdot x_4$$ Calculate the sum of the set sizes: $$\sum |S_i| = 195 + 367 + 562 + 900 = 2024$$ Now substitute the known values of $x_2$ and $x_3$ into this equation: $$x_1 + 2(437) + 3(234) + 4x_4 = 2024$$ $$x_1 + 874 + 702 + 4x_4 = 2024$$ $$x_1 + 1576 + 4x_4 = 2024$$ $$x_1 + 4x_4 = 2024 - 1576 = 448$$  We now have a system of two equations: 1) $x_1 + x_4 = 229$ 2) $x_1 + 4x_4 = 448$  Subtracting the first equation from the second: $$(x_1 + 4x_4) - (x_1 + x_4) = 448 - 229$$ $$3x_4 = 219$$ $$x_4 = 73$$  ANSWER: 73",1,104.6
aime2024,2024-I-10,113,1619,0,"To find the length of $AP$, we first identify the property of point $D$. In any triangle $ABC$ inscribed in a circle $\omega$, the intersection $D$ of the tangents to $\omega$ at $B$ and $C$ lies on the symmedian from vertex $A$. Thus, the line $AD$ is the symmedian from $A$.  Let $L$ be the point where the symmedian $AD$ intersects the side $BC$. A known property of the symmedian is that it divides the opposite side in the ratio of the squares of the adjacent sides: $$\frac{BL}{LC} = \frac{AB^2}{AC^2} = \frac{5^2}{10^2} = \frac{25}{100} = \frac{1}{4}$$ Given $BC = 9$, we have: $$BL = \frac{1}{1+4} \cdot 9 = \frac{9}{5}, \quad LC = \frac{4}{1+4} \cdot 9 = \frac{36}{5}$$ We calculate the length of $AL$ using the Law of Cosines in $\triangle ABC$ to find $\cos B$: $$AC^2 = AB^2 + BC^2 - 2(AB)(BC)\cos B \implies 100 = 25 + 81 - 90\cos B \implies \cos B = \frac{6}{90} = \frac{1}{15}$$ Now, applying the Law of Cosines in $\triangle ABL$: $$AL^2 = AB^2 + BL^2 - 2(AB)(BL)\cos B = 5^2 + \left(\frac{9}{5}\right)^2 - 2(5)\left(\frac{9}{5}\right)\left(\frac{1}{15}\right)$$ $$AL^2 = 25 + \frac{81}{25} - \frac{18}{15} = 25 + 3.24 - 1.2 = 27.04$$ $$AL = \sqrt{27.04} = 5.2 = \frac{26}{5}$$ By the Power of a Point theorem at $L$ with respect to $\omega$, we have $AL \cdot LP = BL \cdot LC$: $$\frac{26}{5} \cdot LP = \frac{9}{5} \cdot \frac{36}{5} \implies LP = \frac{324}{25} \cdot \frac{5}{26} = \frac{162}{65}$$ The total length $AP$ is the sum of $AL$ and $LP$: $$AP = AL + LP = \frac{26}{5} + \frac{162}{65} = \frac{26 \cdot 13 + 162}{65} = \frac{338 + 162}{65} = \frac{500}{65} = \frac{100}{13}$$ The fraction $\frac{100}{13}$ is in simplest form, so $m=100$ and $n=13$. The sum $m+n = 100 + 13 = 113$.  ANSWER: 113",1,550.6
aime2024,2024-II-8,127,127,1,"To find the radii $r_i$ and $r_o$ of the tangency circles, we consider the cross-section of the torus $T$ and the sphere $S$ in a plane containing the axis of revolution of the torus.  The torus $T$ has a major radius $R = 6$ and a minor radius $a = 3$. In the cross-section, the torus appears as two circles of radius $a=3$ centered at $(\pm 6, 0)$. The sphere $S$ has a radius $R_S = 11$. Let the center of the sphere be $(0, z_0)$.  For tangency to occur along a circle, the point of tangency $P = (x, z)$ in the cross-section must be such that the normal to the torus at $P$ passes through the center of the sphere $(0, z_0)$. The normal to the torus at $P$ is the line passing through $P$ and the center of the generating circle $C = (6, 0)$. Thus, the points $(0, z_0)$, $P$, and $C$ must be collinear.  The distance from $C(6, 0)$ to $P$ is $a = 3$. The distance from the center of the sphere $(0, z_0)$ to $P$ is $R_S = 11$. Let $d$ be the distance from $(0, z_0)$ to $C(6, 0)$, so $d = \sqrt{6^2 + z_0^2}$.  1. **Internal Tangency ($T$ inside $S$):** The point $P$ is the furthest point from $(0, z_0)$ on the generating circle. Thus, $R_S = d + a$. $11 = d + 3 \implies d = 8$. The point $P$ divides the segment from $(0, z_0)$ to $C$ in the ratio $d : a$. Specifically, the vector $\vec{CP}$ is in the direction of $\vec{O_S C}$. The distance from the axis (the $z$-axis) to $P$ is $r_i$. Using similar triangles or vector projection: $r_i = R \left( \frac{d+a}{d} \right) = 6 \left( \frac{8+3}{8} \right) = 6 \left( \frac{11}{8} \right) = \frac{66}{8} = \frac{33}{4}$.  2. **External Tangency ($T$ outside $S$):** The point $P$ is the closest point from $(0, z_0)$ on the generating circle. Thus, $R_S = d - a$. $11 = d - 3 \implies d = 14$. The distance from the axis to $P$ is $r_o$. Using the similar geometry: $r_o = R \left( \frac{d-a}{d} \right) = 6 \left( \frac{14-3}{14} \right) = 6 \left( \frac{11}{14} \right) = \frac{66}{14} = \frac{33}{7}$.  3. **Calculating the difference:**",1,222.7
aime2024,2024-I-14,104,104,1,"To find the distance $r$ from the point $I$ (the incenter) to each of the faces of the tetrahedron $ABCD$, we use the formula for the inradius of a tetrahedron: $$r = \frac{3V}{S}$$ where $V$ is the volume and $S$ is the total surface area.  The given tetrahedron $ABCD$ is an equifacial (isosceles) tetrahedron because opposite edges are equal: $AB=CD=\sqrt{41}$, $AC=BD=\sqrt{80}$, and $BC=AD=\sqrt{89}$. In such a tetrahedron, all four faces are congruent triangles with side lengths $a=\sqrt{41}$, $b=\sqrt{80}$, and $c=\sqrt{89}$.  **1. Calculate the area of one face ($A_{\text{face}}$):** Using the formula for the area of a triangle with side lengths $a, b, c$: $$A_{\text{face}} = \frac{1}{4} \sqrt{4a^2b^2 - (a^2+b^2-c^2)^2}$$ Substitute $a^2=41, b^2=80, c^2=89$: $$a^2+b^2-c^2 = 41 + 80 - 89 = 32$$ $$4a^2b^2 = 4(41)(80) = 13120$$ $$A_{\text{face}} = \frac{1}{4} \sqrt{13120 - 32^2} = \frac{1}{4} \sqrt{13120 - 1024} = \frac{1}{4} \sqrt{12096}$$ Since $12096 = 576 \times 21$, we have $\sqrt{12096} = 24\sqrt{21}$. $$A_{\text{face}} = \frac{1}{4}(24\sqrt{21}) = 6\sqrt{21}$$ The total surface area $S = 4 \times A_{\text{face}} = 24\sqrt{21}$.  **2. Calculate the volume of the tetrahedron ($V$):** For an equifacial tetrahedron, the volume $V$ is given by: $$V = \frac{\sqrt{(a^2+b^2-c^2)(a^2+c^2-b^2)(b^2+c^2-a^2)}}{6\sqrt{2}}$$ Substitute the values: $a^2+b^2-c^2 = 41 + 80 - 89 = 32$ $a^2+c^2-b^2 = 41 + 89 - 80 = 50$ $b^2+c^2-a^2 = 80 + 89 - 41 = 128$ $$V = \frac{\sqrt{32 \cdot 50 \cdot 128}}{6\sqrt{2}} = \frac{\sqrt{204800}}{6\sqrt{2}} = \frac{400\sqrt{1.28} \text{ (incorrect simplification)}} \dots$$ Actually, $32 \cdot 50 \cdot 128 = (32 \cdot 128) \cdot 50 = 4096 \cdot 50 = 204800$. $\sqrt{204800} = \sqrt{6400 \cdot 32} = 80 \cdot 4\sqrt{2} = 320\sqrt{2}$ is wrong. Wait: $32 \cdot 50 \cdot 128 = (2^5) \cdot (2 \cdot 5^2) \cdot (2^7) = 2^{13} \cdot 5^2$. $\sqrt{204800} = \sqrt{2^{12} \cdot 2 \cdot 5^2} = 2^6 \cdot 5 \sqrt{2} = 320\sqrt{2}$. $$V = \frac{320\sqrt{2}}{6\sqr",1,269.4
aime2024,2024-I-5,104,104,1,"To find the length of $CE$, we set up a coordinate system on the line containing the collinear points $D, E, C, F$. Let this line be the $x$-axis.  1.  **Coordinates of $ABCD$**:     Since $ABCD$ is a rectangle, $AD = BC = 16$ and $CD = AB = 107$.     Let $D$ be the origin $(0, 0)$. Since $D$ and $C$ are on the $x$-axis, $C$ is at $(107, 0)$.     Since $AD \perp DC$ and $AD = 16$, point $A$ is at $(0, 16)$.  2.  **Coordinates of $EFGH$**:     Since $EFGH$ is a rectangle, $EH = FG = 17$ and $GH = EF = 184$.     Since $D, E, C, F$ are collinear, $E$ and $F$ lie on the $x$-axis. Let $E$ be at $(x, 0)$.     Since $EF = 184$, $F$ is at $(x + 184, 0)$.     Since $EH \perp EF$ and $EH = 17$, point $H$ is at $(x, 17)$.     Since $GH = 184$ and $GH \parallel EF$, point $G$ is at $(x + 184, 17)$.  3.  **Circle Condition**:     Points $A(0, 16)$, $D(0, 0)$, $H(x, 17)$, and $G(x + 184, 17)$ lie on a circle.     Let the circle's equation be $(x - h)^2 + (y - k)^2 = r^2$.     - For $D(0, 0)$: $h^2 + k^2 = r^2$.     - For $A(0, 16)$: $h^2 + (16 - k)^2 = r^2 \implies h^2 + 256 - 32k + k^2 = r^2$.     Subtracting these gives $256 - 32k = 0$, so $k = 8$.     - For $H(x, 17)$ and $G(x + 184, 17)$: Since they have the same $y$-coordinate, the center $h$ must be the midpoint of their $x$-coordinates:       $h = \frac{x + (x + 184)}{2} = x + 92$.  4.  **Solving for $x$**:     Substitute $h = x + 92$ and $k = 8$ into the equation for $D(0, 0)$ and $H(x, 17)$:     $h^2 + k^2 = (x - h)^2 + (17 - k)^2$     $(x + 92)^2 + 8^2 = (x - (x + 92))^2 + (17 - 8)^2$     $(x + 92)^2 + 64 = (-92)^2 + 9^2$     $(x + 92)^2 + 64 = 8464 + 81$     $(x + 92)^2 = 8545 - 64 = 8481$     $x + 92 = \pm \sqrt{8481}$     $x = -92 \pm \sqrt{8481}$  5.  **Calculating $CE$**:     $CE = |x_C - x_E| = |107 - x|$.     Using $x = -92 + \sqrt{8481}$:     $CE = |107 - (-92 + \sqrt{8481})| = |199 - \sqrt{8481}|$.     $\sqrt{8481} \approx 92.09$.     $CE \approx 199 - 92.09 = 106.91$.     Wait, the problem typically implies $E",1,100.8
aime2024,2024-II-13,321,321,1,"To find the value of the product $P = \prod_{k=0}^{12}(2 - 2\omega^k + \omega^{2k})$, where $\omega$ is a 13th root of unity, we start by analyzing the expression inside the product.  Let $f(x) = x^2 - 2x + 2$. The product is $P = \prod_{k=0}^{12} f(\omega^k)$. The roots of the quadratic equation $x^2 - 2x + 2 = 0$ are given by the quadratic formula: \[ x = \frac{2 \pm \sqrt{4 - 8}}{2} = \frac{2 \pm 2i}{2} = 1 \pm i \] Let $\alpha = 1 + i$ and $\beta = 1 - i$. Then we can factor the quadratic as $f(x) = (x - \alpha)(x - \beta)$. The product becomes: \[ P = \prod_{k=0}^{12} (\omega^k - \alpha)(\omega^k - \beta) = \left( \prod_{k=0}^{12} (\omega^k - \alpha) \right) \left( \prod_{k=0}^{12} (\omega^k - \beta) \right) \] The 13th roots of unity $\omega^0, \omega^1, \dots, \omega^{12}$ are the roots of the polynomial $x^{13} - 1 = 0$. Thus, we have the identity: \[ x^{13} - 1 = \prod_{k=0}^{12} (x - \omega^k) \] Rearranging this, we find: \[ \prod_{k=0}^{12} (\omega^k - x) = (-1)^{13} \prod_{k=0}^{12} (x - \omega^k) = -(x^{13} - 1) = 1 - x^{13} \] Substituting $x = \alpha$ and $x = \beta$ into this identity: \[ P = (1 - \alpha^{13})(1 - \beta^{13}) \] Now we calculate $\alpha^{13}$ and $\beta^{13}$. Using polar form, $\alpha = \sqrt{2} e^{i\pi/4}$ and $\beta = \sqrt{2} e^{-i\pi/4}$: \[ \alpha^{13} = (\sqrt{2})^{13} e^{i 13\pi/4} = 2^{6} \sqrt{2} e^{i (3\pi + \pi/4)} = 64\sqrt{2} (-\cos \frac{\pi}{4} - i \sin \frac{\pi}{4}) = 64\sqrt{2} \left(-\frac{1}{\sqrt{2}} - \frac{i}{\sqrt{2}}\right) = -64 - 64i \] Since $\beta$ is the conjugate of $\alpha$, $\beta^{13}$ is the conjugate of $\alpha^{13}$: \[ \beta^{13} = -64 + 64i \] Substitute these values back into the expression for $P$: \[ P = (1 - (-64 - 64i))(1 - (-64 + 64i)) = (65 + 64i)(65 - 64i) \] \[ P = 65^2 + 64^2 = 4225 + 4096 = 8321 \] The remainder when $P$ is divided by 1000 is: \[ 8321 \pmod{1000} = 321 \]  ANSWER: 321",1,51.7
