id,kind,mode,answer,gold,ok,ms,tokens,calls,raw
a26i-01,math-aime,plain,277,277,1,5269,0,1,"Let $v$ be Patrick's speed in miles per hour. Tanya's speed is $v + 2$ mph. José's speed is $(v + 2) + 7 = v + 9$ mph.  Let $D$ be the distance from the school to the park. Let $t$ be the time Patrick spent walking. Since Tanya left 1 hour after Patrick and arrived at the same time, her travel time was $t - 1$. Since José left 1 hour after Tanya (2 hours after Patrick) and arrived at the same time, his travel time was $t - 2$.  We can express the distance $D$ in three ways: 1) $D = v \cdot t$ 2) $D = (v + 2)(t - 1)$ 3) $D = (v + 9)(t - 2)$  From (1) and (2): $vt = (v + 2)(t - 1)$ $vt = vt - v + 2t - 2$ $v = 2t - 2$  (Equation A)  From (1) and (3): $vt = (v + 9)(t - 2)$ $vt = vt - 2v + 9t - 18$ $2v = 9t - 18$  (Equation B)  Substitute Equation A into Equation B: $2(2t - 2) = 9t - 18$ $4t - 4 = 9t - 18$ $5t = 14$ $t = \frac{14}{5}$ hours.  Now find $v$ using Equation A: $v = 2(\frac{14}{5}) - 2 = \frac{28}{5} - \frac{10}{5} = \frac{18}{5}$ mph.  Now calculate the distance $D$: $D = v \cdot t = \frac{18}{5} \cdot \frac{14}{5} = \frac{252}{25}$.  We check if 252 and 25 are relatively prime: $25 = 5^2$. 252 is not divisible by 5. Thus, $m = 252$ and $n = 25$. $m + n = 252 + 25 = 277$.  ANSWER: 277"
a26i-01,math-aime,dt,277,277,1,81330,29158,16,"To find the distance from the school to the park, let $v$ be Patrick's walking speed in miles per hour. Tanya's running speed is $v + 2$ mph, and José's bicycling speed is $(v + 2) + 7 = v + 9$ mph. Let $D$ be the distance from the school to the park.  The time taken by each person to travel from the school to the park is: - Patrick's time: $t_P = \frac{D}{v}$ - Tanya's time: $t_T = \frac{D}{v+2}$ - José's time: $t_J = \frac{D}{v+9}$  We are given that Tanya left 1 hour after Patrick and they arrived at the same time, so Patrick's travel time was 1 hour longer than Tanya's: $t_P - t_T = 1 \implies \frac{D}{v} - \frac{D}{v+2} = 1$ $D \left( \frac{v+2-v}{v(v+2)} \right) = 1 \implies \frac{2D}{v(v+2)} = 1 \implies D = \frac{v(v+2)}{2}$  Similarly, José left 1 hour after Tanya and they arrived at the same time, so Tanya's travel time was 1 hour longer than José's: $t_T - t_J = 1 \implies \frac{D}{v+2} - \frac{D}{v+9} = 1$ $D \left( \frac{v+9-(v+2)}{(v+2)(v+9)} \right) = 1 \implies \frac{7D}{(v+2)(v+9)} = 1 \implies D = \frac{(v+2)(v+9)}{7}$  Equating the two expressions for $D$: $\frac{v(v+2)}{2} = \frac{(v+2)(v+9)}{7}$ Since $v+2 \neq 0$, we can divide both sides by $(v+2)$: $\frac{v}{2} = \frac{v+9}{7}$ $7v = 2(v+9) \implies 7v = 2v + 18 \implies 5v = 18 \implies v = \frac{18}{5}$  Now, substitute $v = \frac{18}{5}$ back into the expression for $D$: $D = \frac{\frac{18}{5}(\frac{18}{5} + 2)}{2} = \frac{\frac{18}{5} \cdot \frac{28}{5}}{2} = \frac{\frac{504}{25}}{2} = \frac{252}{25}$  The distance $D = \frac{m}{n} = \frac{252}{25}$. Since 252 and 25 share no common factors other than 1 ($\gcd(252, 25) = 1$), $m = 252$ and $n = 25$. The value of $m+n$ is $252 + 25 = 277$.  ANSWER: 277"
a26i-02,math-aime,plain,62,62,1,12019,0,1,"To find the number of positive integer palindromes with no zero digits whose digits sum to 13, we denote the palindrome as a sequence of digits $d_1, d_2, \dots, d_k, \dots, d_2, d_1$ (if the number of digits is even) or $d_1, d_2, \dots, d_k, \dots, d_2, d_1$ (if the number of digits is odd).  Let $S$ be the sum of the digits. If the number of digits $n$ is even ($n=2m$), the sum is $2(d_1 + d_2 + \dots + d_m) = 13$. Since 13 is odd, there are no palindromes with an even number of digits. If the number of digits $n$ is odd ($n=2m+1$), the sum is $2(d_1 + d_2 + \dots + d_m) + d_{m+1} = 13$. Since $d_i \ge 1$, we have $2m + d_{m+1} \le 13$. Also, $d_{m+1}$ must be odd because $13 - 2(d_1 + \dots + d_m)$ is odd.  Let $X = d_1 + d_2 + \dots + d_m$. Then $2X + d_{m+1} = 13$. Possible values for $d_{m+1}$ (where $1 \le d_{m+1} \le 9$): 1. If $d_{m+1} = 1$, then $2X = 12 \implies X = 6$.    The number of solutions to $d_1 + \dots + d_m = 6$ with $d_i \ge 1$ is $\binom{6-1}{m-1} = \binom{5}{m-1}$.    Possible $m$: $1 \le m \le 6$.    Sums: $\binom{5}{0} + \binom{5}{1} + \binom{5}{2} + \binom{5}{3} + \binom{5}{4} + \binom{5}{5} = 2^5 = 32$. 2. If $d_{m+1} = 3$, then $2X = 10 \implies X = 5$.    The number of solutions is $\binom{5-1}{m-1} = \binom{4}{m-1}$.    Possible $m$: $1 \le m \le 5$.    Sums: $\binom{4}{0} + \binom{4}{1} + \binom{4}{2} + \binom{4}{3} + \binom{4}{4} = 2^4 = 16$. 3. If $d_{m+1} = 5$, then $2X = 8 \implies X = 4$.    The number of solutions is $\binom{4-1}{m-1} = \binom{3}{m-1}$.    Possible $m$: $1 \le m \le 4$.    Sums: $\binom{3}{0} + \binom{3}{1} + \binom{3}{2} + \binom{3}{3} = 2^3 = 8$. 4. If $d_{m+1} = 7$, then $2X = 6 \implies X = 3$.    The number of solutions is $\binom{3-1}{m-1} = \binom{2}{m-1}$.    Possible $m$: $1 \le m \le 3$.    Sums: $\binom{2}{0} + \binom{2}{1} + \binom{2}{2} = 2^2 = 4$. 5. If $d_{m+1} = 9$, then $2X = 4 \implies X = 2$.    The number of solutions is $\binom{2-1}{m-1} = \binom{1}{m-1}$.    Possible $m$: $1 \le m \le 2$."
a26i-02,math-aime,dt,62,62,1,105660,43567,15,"To find the number of positive integer palindromes in base $10$ with no zero digits and a digit sum of $13$, we first analyze the structure of a palindrome.  Let the palindrome have $k$ digits. If $k$ is even, say $k = 2n$, the digits are $d_1, d_2, \dots, d_n, d_n, \dots, d_2, d_1$. The sum of the digits is: $$S = 2(d_1 + d_2 + \dots + d_n)$$ Since $S = 13$ is an odd number, it is impossible for $2(d_1 + \dots + d_n)$ to equal $13$. Therefore, the palindrome must have an odd number of digits.  Let the palindrome have $k = 2n + 1$ digits. The digits are $d_1, d_2, \dots, d_n, d_{n+1}, d_n, \dots, d_2, d_1$. The sum of the digits is: $$S = 2(d_1 + d_2 + \dots + d_n) + d_{n+1} = 13$$ where each digit $d_i \in \{1, 2, \dots, 9\}$. Since $2(d_1 + \dots + d_n)$ is even and $13$ is odd, $d_{n+1}$ must be an odd digit. The possible values for $d_{n+1}$ are $1, 3, 5, 7, 9$. Let $X = d_1 + d_2 + \dots + d_n$. Then $2X + d_{n+1} = 13$, which gives $X = \frac{13 - d_{n+1}}{2}$. For a fixed $d_{n+1}$, we need to find the number of sequences $(d_1, \dots, d_n)$ such that $d_i \ge 1$ and $\sum_{i=1}^n d_i = X$. This is the number of compositions of $X$ into $n$ parts. The number of such compositions for a fixed $n$ is $\binom{X-1}{n-1}$. Summing over all possible values of $n$ (from $1$ to $X$): $$\text{Total compositions of } X = \sum_{n=1}^X \binom{X-1}{n-1} = 2^{X-1}$$ (Note: If $n=0$, $S = d_1 = 13$, which is impossible since $d_1 \le 9$. Thus $n \ge 1$).  Now we calculate the number of palindromes for each possible value of $d_{n+1}$: 1. If $d_{n+1} = 1$, then $X = \frac{13-1}{2} = 6$. Number of compositions $= 2^{6-1} = 2^5 = 32$. 2. If $d_{n+1} = 3$, then $X = \frac{13-3}{2} = 5$. Number of compositions $= 2^{5-1} = 2^4 = 16$. 3. If $d_{n+1} = 5$, then $X = \frac{13-5}{2} = 4$. Number of compositions $= 2^{4-1} = 2^3 = 8$. 4. If $d_{n+1} = 7$, then $X = \frac{13-7}{2} = 3$. Number of compositions $= 2^{3-1} = 2^2 = 4$. 5. If $d_{n+1} = 9$, then $X = \frac{13-9}{2} = 2$. Nu"
a26i-03,math-aime,plain,79,79,1,5886,0,1,"To find the region $\mathcal{T}$, let the center of the disk and the base of the hemisphere be the origin $O(0,0,0)$. The hemisphere is defined by $x^2 + y^2 + z^2 \le 200^2$ and $z \ge 0$. The disk is the set of points $(x,y,0)$ such that $x^2 + y^2 \le 200^2$. Let a sphere of radius $r = 42$ be placed on the disk at point $P(x,y,0)$. The center of this sphere is $C(x,y,r)$. For the sphere to lie completely inside the hemisphere, the distance from $C$ to any point on the boundary of the hemisphere must be at least $r$, or more simply, the distance from $O$ to $C$ plus the radius of the small sphere must be less than or equal to the radius of the hemisphere $R = 200$. The distance $OC$ is $\sqrt{x^2 + y^2 + r^2}$. The condition for the sphere to be inside the hemisphere is: $OC + r \le R$ $\sqrt{x^2 + y^2 + r^2} + 42 \le 200$ $\sqrt{x^2 + y^2 + 42^2} \le 158$ Squaring both sides: $x^2 + y^2 + 42^2 \le 158^2$ $x^2 + y^2 \le 158^2 - 42^2$ Using the difference of squares: $x^2 + y^2 \le (158 - 42)(158 + 42)$ $x^2 + y^2 \le (116)(200)$ $x^2 + y^2 \le 23200$  The region $\mathcal{T}$ is a disk with radius $\sqrt{23200}$. The area of $\mathcal{T}$ is $\pi(23200)$. The area of the disk is $\pi(200^2) = \pi(40000)$. The ratio of the areas is: $\frac{\text{Area}(\mathcal{T})}{\text{Area}(\text{Disk})} = \frac{23200}{40000} = \frac{232}{400} = \frac{116}{200} = \frac{58}{100} = \frac{29}{50}$ Here $p = 29$ and $q = 50$. They are relatively prime. $p + q = 29 + 50 = 79$.  ANSWER: 79"
a26i-03,math-aime,dt,79,79,1,79375,34543,15,"To find the area of the region $\mathcal{T}$, let the center of the circular disk and the hemisphere be the origin $O(0, 0, 0)$ in a 3D coordinate system. The disk lies in the $xy$-plane ($z=0$) and is defined by $x^2 + y^2 \le 200^2$. The hemisphere is defined by $x^2 + y^2 + z^2 \le 200^2$ for $z \ge 0$.  Let $P(x, y, 0)$ be a point in the disk. When a sphere of radius $r = 42$ is placed on the disk at point $P$, the sphere touches the disk at $P$. The center of this sphere, $C$, will be located at $(x, y, r)$.  For the sphere to lie completely inside the hemisphere, the distance from the center of the hemisphere $O$ to any point in the sphere must be at most the radius of the hemisphere $R = 200$. The point in the sphere furthest from $O$ is at a distance $OC + r$. Thus, the condition for the sphere to be contained within the hemisphere is: $$OC + r \le R$$ Substituting the given values $R = 200$ and $r = 42$: $$OC + 42 \le 200 \implies OC \le 158$$ The distance $OC$ is given by the distance formula: $$OC = \sqrt{x^2 + y^2 + r^2} = \sqrt{x^2 + y^2 + 42^2}$$ So, we have: $$\sqrt{x^2 + y^2 + 42^2} \le 158$$ Squaring both sides: $$x^2 + y^2 + 42^2 \le 158^2$$ $$x^2 + y^2 \le 158^2 - 42^2$$ Using the difference of squares formula $a^2 - b^2 = (a-b)(a+b)$: $$x^2 + y^2 \le (158 - 42)(158 + 42) = (116)(200) = 23200$$ The region $\mathcal{T}$ is therefore a disk with radius $\rho = \sqrt{23200}$. The area of $\mathcal{T}$ is: $$\text{Area}(\mathcal{T}) = \pi \rho^2 = 23200\pi$$ The area of the original disk is: $$\text{Area}(\text{disk}) = \pi R^2 = \pi (200^2) = 40000\pi$$ The ratio of the areas is: $$\frac{\text{Area}(\mathcal{T})}{\text{Area}(\text{disk})} = \frac{23200\pi}{40000\pi} = \frac{232}{400} = \frac{116}{200} = \frac{58}{100} = \frac{29}{50}$$ Here, $p = 29$ and $q = 50$. Since $29$ and $50$ are relatively prime positive integers, we find $p + q$: $$p + q = 29 + 50 = 79$$  ANSWER: 79"
a26i-04,math-aime,plain,70,70,1,5738,0,1,"To find the number of integers $n \le 100$ such that $n = a + b + ab$ for distinct positive integers $a, b$, we start by manipulating the expression: $n = a + b + ab$ $n + 1 = a + b + ab + 1$ $n + 1 = (a + 1)(b + 1)$  Let $x = a + 1$ and $y = b + 1$. Since $a$ and $b$ are positive integers, $x$ and $y$ must be integers such that $x \ge 2$ and $y \ge 2$.  The condition that $a$ and $b$ are distinct means $x \neq y$. Thus, we are looking for the number of integers $n \le 100$ such that $n + 1$ can be factored into two distinct factors $x$ and $y$, both of which are at least 2. Let $m = n + 1$. Since $n \le 100$, $m \le 101$. The condition that $m$ can be written as $x \cdot y$ with $x, y \ge 2$ and $x \neq y$ means that $m$ must be a composite number that is not the square of a prime (unless it has other factors).  Specifically, $m$ is a product of two distinct integers $\ge 2$ if and only if $m$ is not prime and $m$ is not the square of a prime $p^2$ where $p$ is the only factor.  Wait, if $m = p^2$, the only factors are $1, p, p^2$. The only pair $(x, y)$ with $x, y \ge 2$ is $(p, p)$, but we require $x \neq y$. So $m$ cannot be $p^2$. If $m$ is prime, its only factors are $1$ and $m$, so it cannot be written as $x \cdot y$ with $x, y \ge 2$. If $m$ is composite and not a square of a prime, can it always be written as $x \cdot y$ with $x \neq y$ and $x, y \ge 2$? Yes. If $m$ is composite, it has a divisor $d$ such that $1 < d < m$. Let $x = d$ and $y = m/d$. Both are $\ge 2$. If $d \neq m/d$, we are done. If $d = m/d$, then $m = d^2$. If $m$ has any other divisor $k \neq d$, we can use $k$ and $m/k$. If $m$ has no other divisors besides $1, d, m$, then $m$ is the square of a prime.  So, $m \in \{2, 3, \dots, 101\}$ must be composite and not the square of a prime. Total integers in range: $101 - 2 + 1 = 100$. Primes in $\{2, \dots, 101\}$: 2, 3, 5, 7, 11, 13, 17, 19, 23, 29, 31, 37, 41, 43, 47, 53, 59, 61, 67, 71, 73, 79, 83, 89, 97, 101. There are 26 primes. Squares"
a26i-04,math-aime,dt,70,70,1,124472,42081,15,"To find the number of integers $n \le 100$ such that $n = a + b + ab$ for some distinct positive integers $a$ and $b$, we start by rewriting the expression for $n$.  Adding 1 to both sides of the equation $n = a + b + ab$, we get: $$n + 1 = a + b + ab + 1 = (a + 1)(b + 1)$$ Let $x = a + 1$ and $y = b + 1$. Since $a$ and $b$ are positive integers, $x$ and $y$ must be integers such that $x, y \ge 2$. Furthermore, since $a$ and $b$ are distinct, $x$ and $y$ must also be distinct ($x \neq y$).  We are looking for the number of integers $n \in \{1, 2, \dots, 100\}$ such that $n + 1 = xy$ for some distinct integers $x, y \ge 2$. Let $m = n + 1$. The range for $m$ is $2 \le m \le 101$.  An integer $m$ can be written as a product $xy$ with $x, y \ge 2$ if and only if $m$ is composite. If $m$ is composite, we must determine if it can be written as a product of *distinct* integers $x, y \ge 2$. - If $m$ is not a perfect square, any factorization $m = xy$ must have $x \neq y$. - If $m$ is a perfect square, say $m = k^2$, it can be written as $xy$ with $x \neq y$ if it has a divisor other than $k$ and $1$. - If $m = p^2$ for some prime $p$, the only factorization $m = xy$ with $x, y \ge 2$ is $x = p$ and $y = p$. In this case, $x = y$, so $m = p^2$ cannot be represented as a product of distinct integers $\ge 2$. - If $m$ is composite and not the square of a prime, it must have at least one divisor $d$ such that $1 < d < \sqrt{m}$, meaning $m = d(m/d)$ where $d \neq m/d$ and $d, m/d \ge 2$.  Thus, $m$ satisfies the condition if and only if $m$ is composite and $m$ is not the square of a prime. In the range $2 \le m \le 101$: 1. The total number of integers is $101 - 2 + 1 = 100$. 2. The primes $p \le 101$ are: 2, 3, 5, 7, 11, 13, 17, 19, 23, 29, 31, 37, 41, 43, 47, 53, 59, 61, 67, 71, 73, 79, 83, 89, 97, 101. (Total: 26 primes) 3. The squares of primes $p^2 \le 101$ are: $2^2=4, 3^2=9, 5^2=25, 7^2=49$. (Total: 4 prime squares)  The number of valid values for $m$ is: $$100 - 26 -"
a26i-05,math-aime,plain,65,65,1,5029,0,1,"Let the points be represented by complex numbers in the plane. Let $B$ be the origin $0$. Let $A$ be the point $1$. The distance $AB = 1$. Point $A$ is rotated counterclockwise through angle $\theta$ around $B$ to $A'$. Since $B=0$ and $A=1$, $A' = 1 \cdot e^{i\theta} = \cos\theta + i\sin\theta$. Next, point $B$ is rotated clockwise through angle $\theta$ around $A'$ to $B'$. The rotation of a point $z$ around $w$ by angle $\phi$ is given by $z' = w + (z-w)e^{i\phi}$. Here, $z=B=0$, $w=A' = e^{i\theta}$, and $\phi = -\theta$. $B' = e^{i\theta} + (0 - e^{i\theta})e^{-i\theta} = e^{i\theta} - e^0 = e^{i\theta} - 1$. We are given $AB' = \frac{4}{3}$. $A = 1$ and $B' = \cos\theta + i\sin\theta - 1$. $AB' = |B' - A| = |(\cos\theta - 1 + i\sin\theta) - 1| = |\cos\theta - 2 + i\sin\theta|$. $AB'^2 = (\cos\theta - 2)^2 + \sin^2\theta = \cos^2\theta - 4\cos\theta + 4 + \sin^2\theta$. Since $\cos^2\theta + \sin^2\theta = 1$, we have: $AB'^2 = 5 - 4\cos\theta$. We are given $AB' = \frac{4}{3}$, so $AB'^2 = \frac{16}{9}$. $\frac{16}{9} = 5 - 4\cos\theta$ $4\cos\theta = 5 - \frac{16}{9} = \frac{45 - 16}{9} = \frac{29}{9}$ $\cos\theta = \frac{29}{36}$. Since 29 and 36 are relatively prime positive integers, $m=29$ and $n=36$. $m+n = 29 + 36 = 65$.  ANSWER: 65"
a26i-05,math-aime,dt,65,65,1,125128,42408,15,"To find the value of $\cos\theta$, we set up a coordinate system. Let point $B$ be the origin $(0, 0)$ and point $A$ be $(1, 0)$. Thus, the distance $AB = 1$.  1.  **Rotation of $A$ around $B$**:     Point $A$ is rotated counterclockwise through an acute angle $\theta$ around $B(0, 0)$ to point $A'$.     The coordinates of $A'$ are:     $A' = (\cos\theta, \sin\theta)$.  2.  **Rotation of $B$ around $A'$**:     Point $B$ is rotated clockwise through angle $\theta$ around $A'(\cos\theta, \sin\theta)$ to point $B'$.     A clockwise rotation of a point $P$ around a center $C$ by an angle $\theta$ is given by:     $P' = C + R_{-\theta}(P - C)$, where $R_{-\theta} = \begin{pmatrix} \cos\theta & \sin\theta \\ -\sin\theta & \cos\theta \end{pmatrix}$.     Here, $P = B(0, 0)$ and $C = A'(\cos\theta, \sin\theta)$.     $B - A' = (-\cos\theta, -\sin\theta)$.     $B' - A' = \begin{pmatrix} \cos\theta & \sin\theta \\ -\sin\theta & \cos\theta \end{pmatrix} \begin{pmatrix} -\cos\theta \\ -\sin\theta \end{pmatrix} = \begin{pmatrix} -\cos^2\theta - \sin^2\theta \\ \sin\theta\cos\theta - \sin\theta\cos\theta \end{pmatrix} = \begin{pmatrix} -1 \\ 0 \end{pmatrix}$.     Thus, $B' = A' + (-1, 0) = (\cos\theta - 1, \sin\theta)$.  3.  **Calculate $AB'$**:     Point $A$ is $(1, 0)$ and point $B'$ is $(\cos\theta - 1, \sin\theta)$.     $AB'^2 = ((\cos\theta - 1) - 1)^2 + (\sin\theta - 0)^2$     $AB'^2 = (\cos\theta - 2)^2 + \sin^2\theta$     $AB'^2 = \cos^2\theta - 4\cos\theta + 4 + \sin^2\theta$     $AB'^2 = 1 - 4\cos\theta + 4 = 5 - 4\cos\theta$.  4.  **Solve for $\cos\theta$**:     We are given $AB' = \frac{4}{3}$, so $AB'^2 = \frac{16}{9}$.     $\frac{16}{9} = 5 - 4\cos\theta$     $4\cos\theta = 5 - \frac{16}{9} = \frac{45 - 16}{9} = \frac{29}{9}$     $\cos\theta = \frac{29}{36}$.  Since 29 and 36 are relatively prime positive integers, we have $m = 29$ and $n = 36$. The sum $m + n = 29 + 36 = 65$.  ANSWER: 65"
a26i-06,math-aime,plain,441,441,1,10469,0,1,"To solve the equation $\sqrt[20]{x^{\log_{2026}x}}=26x$, we start by rewriting the radical as an exponent: $(x^{\log_{2026}x})^{1/20} = 26x$. Taking the logarithm base 2026 of both sides: $\log_{2026}((x^{\log_{2026}x})^{1/20}) = \log_{2026}(26x)$. Using logarithm properties: $\frac{1}{20} \log_{2026}x \cdot \log_{2026}x = \log_{2026} 26 + \log_{2026} x$. Let $u = \log_{2026} x$. The equation becomes: $\frac{1}{20} u^2 = \log_{2026} 26 + u$. Rearranging into a quadratic equation: $u^2 - 20u - 20\log_{2026} 26 = 0$.  Let the roots of this quadratic equation be $u_1$ and $u_2$. These roots correspond to the solutions $x_1$ and $x_2$ such that $u_1 = \log_{2026} x_1$ and $u_2 = \log_{2026} x_2$. The product of the solutions $x_1$ and $x_2$ is $P = x_1 x_2$. Taking the logarithm base 2026 of $P$: $\log_{2026} P = \log_{2026} x_1 + \log_{2026} x_2 = u_1 + u_2$. From Vieta's formulas for the quadratic equation $u^2 - 20u - 20\log_{2026} 26 = 0$, the sum of the roots is: $u_1 + u_2 = -(-20)/1 = 20$. Thus, $\log_{2026} P = 20$, which means: $P = 2026^{20}$.  We need to find the number of positive integer divisors of $P = 2026^{20}$. First, find the prime factorization of 2026: $2026 = 2 \times 1013$. (Checking if 1013 is prime: $\sqrt{1013} \approx 31.8$. Primes to check: 2, 3, 5, 7, 11, 13, 17, 19, 23, 29, 31. 1013 is not divisible by any of these. For example, $1013/7 = 144.7$, $1013/11 = 92.09$, $1013/13 = 77.9$, $1013/17 = 59.5$, $1013/19 = 53.3$, $1013/23 = 44.04$, $1013/29 = 34.9$, $1013/31 = 32.6$. Thus, 1013 is prime.)  So, $P = (2 \times 1013)^{20} = 2^{20} \times 1013^{20}$. The number of divisors of $n = p_1^{a_1} p_2^{a_2} \dots p_k^{a_k}$ is $(a_1+1)(a_2+1)\dots(a_k+1)$. For $P = 2^{20} \times 1013^{20}$, the number of divisors is: $(20+1)(20+1) = 21 \times 21 = 441$.  ANSWER: 441"
a26i-06,math-aime,dt,441,441,1,273797,35931,15,"To solve the equation $\sqrt[20]{x^{\log_{2026}x}}=26x$, we first rewrite the left side of the equation using properties of exponents: \[\left(x^{\log_{2026}x}\right)^{1/20} = x^{\frac{1}{20} \log_{2026}x}\] The equation becomes: \[x^{\frac{1}{20} \log_{2026}x} = 26x\] Taking the logarithm base 2026 of both sides, we get: \[\log_{2026} \left(x^{\frac{1}{20} \log_{2026}x}\right) = \log_{2026}(26x)\] Using the property $\log_b(a^n) = n \log_b a$ and $\log_b(mn) = \log_b m + \log_b n$: \[\frac{1}{20} (\log_{2026}x)^2 = \log_{2026} 26 + \log_{2026} x\] Let $u = \log_{2026}x$. Substituting $u$ into the equation gives: \[\frac{1}{20} u^2 = \log_{2026} 26 + u\] Multiplying by 20 and rearranging into a standard quadratic form: \[u^2 - 20u - 20 \log_{2026} 26 = 0\] Let the roots of this quadratic equation be $u_1$ and $u_2$. These roots correspond to the solutions $x_1$ and $x_2$ such that $u_1 = \log_{2026} x_1$ and $u_2 = \log_{2026} x_2$. According to Vieta's formulas, the sum of the roots is: \[u_1 + u_2 = 20\] The product of the solutions $x_1$ and $x_2$ is: \[P = x_1 \cdot x_2 = 2026^{u_1} \cdot 2026^{u_2} = 2026^{u_1 + u_2} = 2026^{20}\] To find the number of positive integer divisors of $P$, we first find the prime factorization of 2026: \[2026 = 2 \times 1013\] Checking for the primality of 1013: $\sqrt{1013} \approx 31.8$. Testing primes up to 31 (2, 3, 5, 7, 11, 13, 17, 19, 23, 29, 31) shows that 1013 is not divisible by any of them, so 1013 is prime. Thus, the prime factorization of $P$ is: \[P = (2 \times 1013)^{20} = 2^{20} \times 1013^{20}\] The number of positive integer divisors of $P$ is given by: \[(20 + 1)(20 + 1) = 21 \times 21 = 441\]  ANSWER: 441"
a26i-07,math-aime,plain,396,396,1,8228,0,1,"To find the number of functions $\pi: A \to A$ such that $\pi$ is onto and $\pi^{(6)}(a) = a$ for all $a \in A$, we first note that since $A$ is finite, any onto function $\pi: A \to A$ is a permutation. The condition $\pi^{(6)} = \text{id}$ means that the order of every element in the permutation $\pi$ must divide 6. The possible cycle lengths for the elements of $\pi$ are divisors of 6, namely 1, 2, 3, and 6. Let $n_k$ be the number of cycles of length $k$. The sum of the lengths of the cycles must be $|A| = 6$: $1n_1 + 2n_2 + 3n_3 + 6n_6 = 6$. We list the possible partitions of 6 into parts $\{1, 2, 3, 6\}$: 1. $n_1 = 6$: $\pi$ is the identity. Number of ways: $\frac{6!}{1^6 6!} = 1$. 2. $n_1 = 4, n_2 = 1$: One 2-cycle. Number of ways: $\binom{6}{2} \times 1 = 15$. 3. $n_1 = 2, n_2 = 2$: Two 2-cycles. Number of ways: $\frac{1}{2!} \binom{6}{2} \binom{4}{2} = \frac{15 \times 6}{2} = 45$. 4. $n_1 = 0, n_2 = 3$: Three 2-cycles. Number of ways: $\frac{1}{3!} \binom{6}{2} \binom{4}{2} \binom{2}{2} = \frac{15 \times 6 \times 1}{6} = 15$. 5. $n_1 = 3, n_3 = 1$: One 3-cycle. Number of ways: $\binom{6}{3} \times (3-1)! = 20 \times 2 = 40$. 6. $n_1 = 0, n_3 = 2$: Two 3-cycles. Number of ways: $\frac{1}{2!} \binom{6}{3} \times 2! \times 2! = \frac{20 \times 2 \times 2}{2} = 40$. 7. $n_1 = 1, n_2 = 1, n_3 = 1$: One 2-cycle and one 3-cycle. Number of ways: $\binom{6}{1} \binom{5}{2} \binom{3}{3} \times 1! \times 2! = 6 \times 10 \times 1 \times 2 = 120$. 8. $n_6 = 1$: One 6-cycle. Number of ways: $(6-1)! = 120$.  Now we sum these values: $1 + 15 + 45 + 15 + 40 + 40 + 120 + 120 = 396$.  ANSWER: 396"
a26i-07,math-aime,dt,396,396,1,323757,41083,15,"To find the number of functions $\pi: A \to A$ where $A = \{1, 2, 3, 4, 5, 6\}$ that are onto and satisfy the condition $\pi^6(a) = a$ for all $a \in A$, we first note that since $A$ is a finite set, any onto function $\pi: A \to A$ is a permutation of $A$.  The condition $\pi^6(a) = a$ for all $a \in A$ means that the order of every element in the permutation $\pi$ must divide 6. In the disjoint cycle decomposition of a permutation, the order of an element is the length of the cycle containing it. Therefore, the length of each cycle in $\pi$ must be a divisor of 6. The divisors of 6 are 1, 2, 3, and 6.  Let $c_k$ be the number of cycles of length $k$ in the permutation $\pi$. The sum of the lengths of the cycles must equal the total number of elements in $A$: \[1c_1 + 2c_2 + 3c_3 + 6c_6 = 6\] The number of permutations with a given cycle structure $(c_1, c_2, c_3, c_6)$ is given by the formula: \[\frac{n!}{\prod k^{c_k} c_k!}\] We list all possible partitions of 6 into the parts $\{1, 2, 3, 6\}$ and calculate the number of permutations for each:  1.  $c_1=6$: $\frac{6!}{1^6 6!} = 1$ 2.  $c_1=4, c_2=1$: $\frac{6!}{1^4 4! 2^1 1!} = \frac{720}{24 \times 2} = 15$ 3.  $c_1=2, c_2=2$: $\frac{6!}{1^2 2! 2^2 2!} = \frac{720}{2 \times 4 \times 2} = 45$ 4.  $c_1=0, c_2=3$: $\frac{6!}{2^3 3!} = \frac{720}{8 \times 6} = 15$ 5.  $c_1=3, c_3=1$: $\frac{6!}{1^3 3! 3^1 1!} = \frac{720}{6 \times 3} = 40$ 6.  $c_1=0, c_3=2$: $\frac{6!}{3^2 2!} = \frac{720}{9 \times 2} = 40$ 7.  $c_1=1, c_2=1, c_3=1$: $\frac{6!}{1^1 1! 2^1 1! 3^1 1!} = \frac{720}{6} = 120$ 8.  $c_6=1$: $\frac{6!}{6^1 1!} = \frac{720}{6} = 120$  Summing these values together: $1 + 15 + 45 + 15 + 40 + 40 + 120 + 120 = 396$  ANSWER: 396"
a26i-08,math-aime,plain,244,244,1,10975,0,1,"To find the number of divisors $d$ of $17017^{17}$ such that $d \equiv 5 \pmod{12}$, we first find the prime factorization of $17017$. $17017 = 7 \times 11 \times 13 \times 17$. Thus, $17017^{17} = 7^{17} \times 11^{17} \times 13^{17} \times 17^{17}$. A divisor $d$ of $17017^{17}$ is of the form $d = 7^a \cdot 11^b \cdot 13^c \cdot 17^d$ where $0 \le a, b, c, d \le 17$. We want $d \equiv 5 \pmod{12}$. Let's look at the residues of the primes modulo 12: $7 \equiv 7 \pmod{12}$ $11 \equiv -1 \pmod{12}$ $13 \equiv 1 \pmod{12}$ $17 \equiv 5 \pmod{12}$  The condition is $7^a \cdot (-1)^b \cdot 1^c \cdot 5^d \equiv 5 \pmod{12}$. Note that $7^2 \equiv 49 \equiv 1 \pmod{12}$ and $5^2 \equiv 25 \equiv 1 \pmod{12}$. The residues are: $7^a \equiv 1$ if $a$ is even, $7$ if $a$ is odd. $(-1)^b \equiv 1$ if $b$ is even, $-1 \equiv 11$ if $b$ is odd. $1^c \equiv 1$ for all $c$. $5^d \equiv 1$ if $d$ is even, $5$ if $d$ is odd.  Let $x, y, z$ be the parity of $a, b, d$ respectively ($0$ for even, $1$ for odd). The condition is $7^x \cdot (-1)^y \cdot 5^z \equiv 5 \pmod{12}$. We test the combinations $(x, y, z)$: - $(0, 0, 0): 1 \cdot 1 \cdot 1 = 1 \not\equiv 5$ - $(0, 0, 1): 1 \cdot 1 \cdot 5 = 5 \equiv 5$ (Correct) - $(0, 1, 0): 1 \cdot (-1) \cdot 1 = -1 \equiv 11 \not\equiv 5$ - $(0, 1, 1): 1 \cdot (-1) \cdot 5 = -5 \equiv 7 \not\equiv 5$ - $(1, 0, 0): 7 \cdot 1 \cdot 1 = 7 \not\equiv 5$ - $(1, 0, 1): 7 \cdot 1 \cdot 5 = 35 \equiv 11 \not\equiv 5$ - $(1, 1, 0): 7 \cdot (-1) \cdot 1 = -7 \equiv 5 \equiv 5$ (Correct) - $(1, 1, 1): 7 \cdot (-1) \cdot 5 = -35 \equiv 1 \not\equiv 5$  The valid parity combinations $(x, y, z)$ are $(0, 0, 1)$ and $(1, 1, 0)$. For each prime $p \in \{7, 11, 17\}$, the number of exponents $k \in \{0, \dots, 17\}$ with a specific parity is 9. For $c \in \{0, \dots, 17\}$, there are 18 choices. For $(x, y, z) = (0, 0, 1)$: $a$ is even (9 choices), $b$ is even (9 choices), $d$ is odd (9 choices), $c$ is any (18 choices). Number of divisors = $9 \times 9 \time"
a26i-08,math-aime,dt,244,244,1,388216,46986,15,"To find the number of positive integer divisors $d$ of $17017^{17}$ such that $d \equiv 5 \pmod{12}$, we first determine the prime factorization of $17017$. $17017 = 7 \times 2431 = 7 \times 11 \times 221 = 7 \times 11 \times 13 \times 17$. Thus, the prime factorization of $17017^{17}$ is: $17017^{17} = 7^{17} \times 11^{17} \times 13^{17} \times 17^{17}$.  Any divisor $d$ of $17017^{17}$ can be written in the form: $d = 7^a \times 11^b \times 13^c \times 17^d$ where $0 \le a, b, c, d \le 17$. We are looking for $d \equiv 5 \pmod{12}$. Let's analyze the residues of the prime factors modulo 12: - $7 \equiv 7 \pmod{12}$ - $11 \equiv -1 \pmod{12}$ - $13 \equiv 1 \pmod{12}$ - $17 \equiv 5 \pmod{12}$  The condition $d \equiv 5 \pmod{12}$ becomes: $7^a \times (-1)^b \times 1^c \times 5^d \equiv 5 \pmod{12}$. Since $1^c \equiv 1 \pmod{12}$ for all $0 \le c \le 17$, there are 18 possible values for $c$. The residues of the other powers modulo 12 are periodic with period 2: - $7^a \equiv 1 \pmod{12}$ if $a$ is even, and $7^a \equiv 7 \pmod{12}$ if $a$ is odd. - $(-1)^b \equiv 1 \pmod{12}$ if $b$ is even, and $(-1)^b \equiv 11 \pmod{12}$ if $b$ is odd. - $5^d \equiv 1 \pmod{12}$ if $d$ is even, and $5^d \equiv 5 \pmod{12}$ if $d$ is odd.  Let $\alpha, \beta, \delta$ be the parities of $a, b, d$ respectively ($\alpha, \beta, \delta \in \{0, 1\}$). We want: $7^\alpha \times (-1)^\beta \times 5^\delta \equiv 5 \pmod{12}$. Testing the 8 combinations $(\alpha, \beta, \delta)$: - $(0, 0, 0) \implies 1 \cdot 1 \cdot 1 = 1$ - $(0, 0, 1) \implies 1 \cdot 1 \cdot 5 = 5$ (Match) - $(0, 1, 0) \implies 1 \cdot 11 \cdot 1 = 11$ - $(0, 1, 1) \implies 1 \cdot 11 \cdot 5 = 55 \equiv 7$ - $(1, 0, 0) \implies 7 \cdot 1 \cdot 1 = 7$ - $(1, 0, 1) \implies 7 \cdot 1 \cdot 5 = 35 \equiv 11$ - $(1, 1, 0) \implies 7 \cdot 11 \cdot 1 = 77 \equiv 5$ (Match) - $(1, 1, 1) \implies 7 \cdot 11 \cdot 5 = 385 \equiv 1$  The matching combinations for $(\alpha, \beta, \delta)$ are $(0, 0, 1)$ and $(1, 1, 0)$. "
a26i-09,math-aime,plain,27,29,0,31175,0,1,"To solve this problem, let the faces of the die be $F = \{1, 2, 3, 4, 5, 6\}$. Let $X_i$ be the face that is on top when the $i$-th sticker is placed. The $X_i$ are independent and identically distributed random variables, each taking values in $F$ with probability $1/6$.  The condition is that all even-numbered stickers (2, 4, 6) are visible at the end. A sticker $k$ is visible if and only if for all $j > k$, $X_j \neq X_k$. Let $E$ be the event that stickers 2, 4, and 6 are visible. $E \iff X_2 \neq X_3, X_4, X_5, X_6$ AND $X_4 \neq X_5, X_6$ AND $X_6$ is always visible (since it's the last). The conditions are: 1. $X_6$ is always visible. 2. $X_4 \notin \{X_5, X_6\}$. 3. $X_2 \notin \{X_3, X_4, X_5, X_6\}$.  Let's calculate $P(E)$. - $X_6$ can be any of 6 faces. - $X_5$ can be any of 6 faces. - $X_4$ must be different from $X_5$ and $X_6$. If $X_5 = X_6$, there are 5 choices for $X_4$. If $X_5 \neq X_6$, there are 4 choices. Wait, it's easier to count valid sequences $(X_1, \dots, X_6)$. For $X_4, X_5, X_6$: - If $X_5 = X_6$, there are $6 \times 1 = 6$ ways. Then $X_4 \neq X_6$ (5 ways). Total $6 \times 5 = 30$. - If $X_5 \neq X_6$, there are $6 \times 5 = 30$ ways. Then $X_4 \notin \{X_5, X_6\}$ (4 ways). Total $30 \times 4 = 120$. Total ways for $(X_4, X_5, X_6)$ such that $X_4$ is visible is $30 + 120 = 150$. Now for $X_2$: $X_2 \notin \{X_3, X_4, X_5, X_6\}$. Let $S = \{X_3, X_4, X_5, X_6\}$. The number of choices for $X_2$ is $6 - |S|$. The number of ways for $X_1, X_3$ is $6 \times 6 = 36$. Total valid sequences = $\sum_{x_3, x_4, x_5, x_6} (6 - |\{x_3, x_4, x_5, x_6\}|) \times 6$. Let $k = |\{x_4, x_5, x_6\}|$. We know $x_4 \neq x_5$ and $x_4 \neq x_6$. - Case 1: $x_5 = x_6$. $k=2$. Ways: $6 \times 5 = 30$. - Case 2: $x_5 \neq x_6$. $k=3$. Ways: $6 \times 5 \times 4 = 120$. Now include $x_3$: - Case 1 ($k=2$): $x_3$ can be one of the 2 values in $\{x_4, x_5, x_6\}$ (2 ways, $|S|=2$) or a new value (4 ways, $|S|=3$). - Case 2 ($k=3$): $x_3$ can be one of th"
a26i-09,math-aime,dt,47,29,0,659546,69931,18,"To find the conditional probability $p$, we define the process as a sequence of rolls $X_1, X_2, X_3, X_4, X_5, X_6$, where each $X_i \in \{1, 2, 3, 4, 5, 6\}$ represents the face on which sticker $i$ is placed.  A sticker $k$ is visible at the end if $X_k \neq X_j$ for all $j > k$. Let $C$ be the event that all even-numbered stickers (2, 4, 6) are visible: - Sticker 6 is always visible. - Sticker 4 is visible if $X_4 \notin \{X_5, X_6\}$. - Sticker 2 is visible if $X_2 \notin \{X_3, X_4, X_5, X_6\}$.  Let $E$ be the event that exactly one face is left blank, meaning the set $\{X_1, X_2, X_3, X_4, X_5, X_6\}$ contains exactly 5 distinct values. We want $p = P(E|C) = \frac{|E \cap C|}{|C|}$.  **1. Calculating $|C|$:** - $X_6$ has 6 choices. - $X_5$ has 6 choices. - $X_4$ must not be $X_5$ or $X_6$.   - If $X_5 = X_6$ (6 cases), $X_4$ has 5 choices.   - If $X_5 \neq X_6$ (30 cases), $X_4$ has 4 choices.   Total for $(X_4, X_5, X_6) = 6 \cdot 5 + 30 \cdot 4 = 150$. - $X_3$ has 6 choices. - $X_2$ must not be in $\{X_3, X_4, X_5, X_6\}$.   Let $U = \{X_3, X_4, X_5, X_6\}$. $X_2$ has $6 - |U|$ choices. - $X_1$ has 6 choices.  Summing over all possible values of $X_3, X_4, X_5, X_6$ where $X_4 \notin \{X_5, X_6\}$: For a fixed $(X_4, X_5, X_6)$, $X_3$ can be any of 6 values. $|U|$ depends on whether $X_3 \in \{X_4, X_5, X_6\}$. - Let $k = |\{X_4, X_5, X_6\}|$. $k$ is 2 if $X_5 = X_6$ (since $X_4 \neq X_5$), and $k$ is 3 if $X_5 \neq X_6$ (since $X_4 \neq X_5$ and $X_4 \neq X_6$). - If $X_3 \in \{X_4, X_5, X_6\}$ ($k$ choices), $|U| = k$. - If $X_3 \notin \{X_4, X_5, X_6\}$ ($6-k$ choices), $|U| = k+1$. The number of choices for $X_2$ is $k(6-k) + (6-k)(6-(k+1)) = k(6-k) + (6-k)(5-k)$.  Total $|C| = 6 \cdot 6 \cdot [ 6(2 \cdot 4 + 4 \cdot 3) + 30(3 \cdot 3 + 3 \cdot 2) ]$ is not quite right. Let's use the correct summation: For $(X_4, X_5, X_6)$ with $X_5=X_6$ (30 cases), $k=2$: $X_2$ choices = $2(4) + 4(3) = 20$. For $(X_4, X_5, X_6)$ with $X_5 \neq X_6$ (120 cases), $k=3$"
a26i-10,math-aime,plain,168,156,0,25660,0,1,"To find the area of the hexagon $AA'CC'BB'$, we first determine the properties of $\triangle ABC$. The side lengths are $a=14, b=15, c=13$. Using Heron's formula: $s = (13+14+15)/2 = 21$. Area($\triangle ABC$) = $\sqrt{21(21-13)(21-14)(21-15)} = \sqrt{21 \cdot 8 \cdot 7 \cdot 6} = \sqrt{7056} = 84$. The circumradius $R = \frac{abc}{4 \cdot \text{Area}} = \frac{13 \cdot 14 \cdot 15}{4 \cdot 84} = \frac{2730}{336} = 8.125 = \frac{65}{8}$.  The hexagon $AA'CC'BB'$ is formed by the union of $\triangle ABC$ and $\triangle A'B'C'$ and the regions between them. However, a simpler way to view this is that the hexagon is the union of two congruent triangles rotated by an angle $\theta$. The area of the union of two congruent figures $S$ and $S'$ is $2 \text{Area}(S) - \text{Area}(S \cap S')$. Wait, the problem asks for the area of the hexagon $AA'CC'BB'$. The vertices are given in order. This suggests the hexagon is the union of the two triangles $\triangle ABC$ and $\triangle A'B'C'$. Let $O$ be the circumcenter. The vertices $A, B, C$ and $A', B', C'$ all lie on the circumcircle. The area of the hexagon is the sum of the areas of $\triangle ABC$ and $\triangle A'B'C'$ minus the area of their intersection $\triangle ABC \cap \triangle A'B'C'$. However, the vertices are $A, A', C, C', B, B'$. This is not the union of the triangles. The hexagon consists of $\triangle ABC$, $\triangle A'B'C'$, and three quadrilaterals $AA'C'C$, $CC'B'B$, and $BB'A'A$ is not correct. The area of the polygon $AA'CC'BB'$ can be calculated as the sum of the areas of $\triangle OAA'$, $\triangle OA'C$, $\triangle OCC'$, $\triangle OC'B$, $\triangle OBB'$, $\triangle OB'A$. Each $\triangle OXX'$ has area $\frac{1}{2} R^2 \sin \theta$, where $\theta$ is the rotation angle. The vertices are $A, A', C, C', B, B'$. The area is $\text{Area}(\triangle OAA') + \text{Area}(\triangle OA'C) + \text{Area}(\triangle OCC') + \text{Area}(\triangle OC'B) + \text{Area}(\triangle OBB') + \text{Area}(\triangle OB'A)$"
a26i-10,math-aime,dt,156,156,1,1156251,57529,15,"To find the area of the hexagon $AA'CC'BB'$, we first determine the properties of $\triangle ABC$. 1.  **Area and Circumradius**:     The semi-perimeter is $s = \frac{13+14+15}{2} = 21$.     The area is $\Delta = \sqrt{21(21-13)(21-14)(21-15)} = \sqrt{21 \cdot 8 \cdot 7 \cdot 6} = 84$.     The circumradius $R = \frac{abc}{4\Delta} = \frac{13 \cdot 14 \cdot 15}{4 \cdot 84} = \frac{2730}{336} = \frac{65}{8} = 8.125$.  2.  **Coordinate System**:     Place the circumcenter $O$ at $(0,0)$. Let $BC$ be horizontal.     The distance from $O$ to $BC$ is $d = \sqrt{R^2 - 7^2} = \sqrt{\frac{4225}{64} - 49} = \frac{33}{8}$.     Set $B = (-7, -\frac{33}{8})$ and $C = (7, -\frac{33}{8})$.     For $A(x, y)$, we have $x^2 + y^2 = R^2$ and $AB=13$.     $(x+7)^2 + (y+\frac{33}{8})^2 = 169$. Since $A$ and $O$ are on opposite sides of $BC$, $y > 0$.     Solving gives $A = (-2, \frac{63}{8})$.  3.  **Rotation**:     $\triangle A'B'C'$ is $\triangle ABC$ rotated by $\theta$ about $O$.     The vector $\vec{AC} = (7 - (-2), -\frac{33}{8} - \frac{63}{8}) = (9, -12)$.     The vector $\vec{A'C'}$ is $\vec{AC}$ rotated by $\theta$. Since $\overline{A'C'} \perp \overline{BC}$ and $BC$ is horizontal, $\vec{A'C'}$ must be vertical.     $\vec{A'C'} = (9\cos\theta - (-12)\sin\theta, 9\sin\theta + (-12)\cos\theta)$.     Setting the x-component to 0: $9\cos\theta + 12\sin\theta = 0 \implies \tan\theta = -\frac{3}{4}$.     This gives $\cos\theta = \pm \frac{4}{5}$ and $\sin\theta = \mp \frac{3}{5}$.     The condition that $A'$ and $B$ are on opposite sides of $B'C'$ determines the direction of rotation.  4.  **Area of Hexagon**:     The hexagon $AA'CC'BB'$ is formed by the vertices $A, A', C, C', B, B'$.     Using the Shoelace formula or calculating the area of the union of the two triangles (since the rotation is small), the area is determined by the coordinates of the rotated points.     $A = (-2, 7.875), B = (-7, -4.125), C = (7, -4.125)$.     For $\theta = \arctan(-3/4) \approx -36.87^\circ$:     "
a26i-11,math-aime,plain,896,896,1,14086,0,1,"To find the maximum value of $M$, we consider the sum of absolute differences $|a-b|$. Each number $x \in \{1, \dots, 64\}$ appears in the sum $M$ a certain number of times based on its number of neighbors in the grid. Let $d(i, j)$ be the degree of cell $(i, j)$ (number of neighbors). The sum is $M = \sum_{edge \{u,v\}} |a_u - a_v|$. Each $a_u$ is counted $d(u)$ times in the total sum. Specifically, $M = \sum_{u} c_u a_u$, where $c_u$ is the number of neighbors $v$ such that $a_u > a_v$ minus the number of neighbors $v$ such that $a_u < a_v$. To maximize $M$, we want the largest numbers to have the largest positive coefficients and the smallest numbers to have the largest negative coefficients. The coefficients $c_u$ are bounded by $-d(u) \le c_u \le d(u)$. The sum of degrees is $2 \times (\text{number of edges})$. Number of edges in an $8 \times 8$ grid: $8 \times 7$ (horizontal) + $8 \times 7$ (vertical) = $56 + 56 = 112$. The total sum of coefficients is $\sum c_u = 0$. The maximum possible value of $M$ occurs if we can partition the cells into two sets $S_{high}$ and $S_{low}$ such that every edge connects a cell in $S_{high}$ to a cell in $S_{low}$ (i.e., the grid is bipartite). The grid is indeed bipartite. Let the sets be $B$ (black) and $W$ (white), each with 32 cells. If we place the numbers $\{33, \dots, 64\}$ in one set and $\{1, \dots, 32\}$ in the other, then for every edge $(u, v)$, $|a_u - a_v| = a_{high} - a_{low}$. $M = \sum_{u \in S_{high}} d(u) a_u - \sum_{v \in S_{low}} d(v) a_v$. To maximize this, we assign the largest values to cells with the largest degrees. Degrees in $8 \times 8$: - 4 corners: degree 2 - $6 \times 4 = 24$ edges: degree 3 - $6 \times 6 = 36$ interior: degree 4 Total cells = 64. In a bipartite coloring, the degrees are distributed as follows: - Corners (2): 2 corners are white, 2 are black. - Edges (24): 12 are white, 12 are black. - Interior (36): 18 are white, 18 are black. Thus, for both $S_{high}$ and $S_{low}$, the degre"
a26i-11,math-aime,dt,896,896,1,1217336,51884,15,"To find the maximum value of $M$, we analyze the sum of absolute differences between adjacent cells in an $8 \times 8$ grid. The grid graph is bipartite, meaning the cells can be colored like a chessboard into two sets, $B$ (black) and $W$ (white), each containing 32 cells. Every edge in the grid connects a black cell to a white cell.  The sum $M$ is given by $M = \sum_{(u,v) \in E} |a_u - a_v|$, where $E$ is the set of all edges in the grid. To maximize this, we assign the 32 largest numbers $\{33, \dots, 64\}$ to one set (say $B$) and the 32 smallest numbers $\{1, \dots, 32\}$ to the other set ($W$). Then for every edge $(u,v)$, $a_u > a_v$ if $u \in B$, so $|a_u - a_v| = a_u - a_v$. The sum becomes $M = \sum_{u \in B} d(u) a_u - \sum_{v \in W} d(v) a_v$, where $d(u)$ is the degree of cell $u$ (number of neighbors).  In an $8 \times 8$ grid: - 4 corners have $d=2$. - $4 \times 6 = 24$ edge cells have $d=3$. - $6 \times 6 = 36$ interior cells have $d=4$.  Because the grid is bipartite, the degrees are split equally between $B$ and $W$: - $B$: 2 corners ($d=2$), 12 edges ($d=3$), 18 interior ($d=4$). - $W$: 2 corners ($d=2$), 12 edges ($d=3$), 18 interior ($d=4$).  To maximize $M$, we assign the largest available numbers in $B$ to the highest degrees and the smallest available numbers in $W$ to the highest degrees: $\sum_{u \in B} d(u) a_u = 4 \sum_{k=47}^{64} k + 3 \sum_{k=35}^{46} k + 2 \sum_{k=33}^{34} k$ $\sum_{v \in W} d(v) a_v = 4 \sum_{k=1}^{18} k + 3 \sum_{k=19}^{30} k + 2 \sum_{k=31}^{32} k$  Calculating these sums: $\sum_{k=47}^{64} k = \frac{18}{2}(47+64) = 9 \times 111 = 999$ $\sum_{k=35}^{46} k = \frac{12}{2}(35+46) = 6 \times 81 = 486$ $\sum_{k=33}^{34} k = 33 + 34 = 67$ $\sum_{u \in B} d(u) a_u = 4(999) + 3(486) + 2(67) = 3996 + 1458 + 134 = 5588$  $\sum_{k=1}^{18} k = \frac{18 \times 19}{2} = 171$ $\sum_{k=19}^{30} k = \frac{12}{2}(19+30) = 6 \times 49 = 294$ $\sum_{k=31}^{32} k = 31 + 32 = 63$ $\sum_{v \in W} d(v) a_v = 4(171) + 3(294) + 2(63) = 684"
a26i-12,math-aime,plain,73,161,0,9365,0,1,"To find the value of $r$, we set up a coordinate system in plane $\mathcal{P}$. Let $A = (0,0,0)$, $B = (6,0,0)$, and $C = (0,4,0)$. The centroid $G$ of $\triangle ABC$ is $G = \frac{A+B+C}{3} = (2, \frac{4}{3}, 0)$. The line $BC$ passes through $(6,0,0)$ and $(0,4,0)$. Its equation is $\frac{x}{6} + \frac{y}{4} = 1$, or $2x + 3y - 12 = 0$. The distance from $G$ to $BC$ is $h = \frac{|2(2) + 3(4/3) - 12|}{\sqrt{2^2 + 3^2}} = \frac{|4 + 4 - 12|}{\sqrt{13}} = \frac{4}{\sqrt{13}}$. The reflection $D$ is $G + 2h \vec{n}$, where $\vec{n}$ is the unit normal to $BC$ pointing away from $G$. The normal vector is $(2, 3)$. $D = (2, \frac{4}{3}) - 2 \frac{4}{\sqrt{13}} \frac{(2, 3)}{\sqrt{13}} = (2 - \frac{16}{13}, \frac{4}{3} - \frac{24}{13}) = (\frac{10}{13}, \frac{52-72}{39}) = (\frac{10}{13}, -\frac{20}{39})$. The four spheres have radii $r_A=1, r_B=2, r_C=3, r_D=r$. The centers of the spheres are $S_A = (0,0,1)$, $S_B = (6,0,2)$, $S_C = (0,4,3)$, $S_D = (x_D, y_D, r)$. Since the spheres are tangent to plane $\mathcal{T}$, the distance from each center $S_i$ to $\mathcal{T}$ is $r_i$. Let the equation of plane $\mathcal{T}$ be $ax + by + cz = d$ with $a^2+b^2+c^2=1$. The distance from $S_i$ to $\mathcal{T}$ is $r_i$, so $ax_i + by_i + cz_i - d = \pm r_i$. Since the spheres are on the same side of $\mathcal{T}$, the signs must be the same. Let $ax_i + by_i + cz_i - d = r_i$. 1) $a(0) + b(0) + c(1) - d = 1 \implies c - d = 1$ 2) $a(6) + b(0) + c(2) - d = 2 \implies 6a + 2c - d = 2$ 3) $a(0) + b(4) + c(3) - d = 3 \implies 4b + 3c - d = 3$ Subtract (1) from (2): $6a + c = 1 \implies c = 1 - 6a$. Subtract (1) from (3): $4b + 2c = 2 \implies 2b + c = 1 \implies 2b = 6a \implies b = 3a$. Substitute $c = 1-6a$ into $a^2+b^2+c^2=1$: $a^2 + (3a)^2 + (1-6a)^2 = 1 \implies a^2 + 9a^2 + 1 - 12a + 36a^2 = 1 \implies 46a^2 - 12a = 0$. Since the spheres are on the same side of $\mathcal{P}$, the plane $\mathcal{T}$ cannot be $\mathcal{P}$, so $a \neq 0$. $a = \frac{12}{46} = \frac{6}{23}"
a26i-12,math-aime,dt,161,161,1,682346,58877,16,"To find the radius $r$ of the sphere tangent to plane $\mathcal{P}$ at point $D$ and to plane $\mathcal{T}$, we set up a coordinate system in plane $\mathcal{P}$. Let $A = (0, 0, 0)$, $B = (6, 0, 0)$, and $C = (0, 4, 0)$. The centroid $G$ of $\triangle ABC$ is $G = \frac{A+B+C}{3} = (2, \frac{4}{3}, 0)$. The line $BC$ is given by the equation $\frac{x}{6} + \frac{y}{4} = 1$, or $2x + 3y - 12 = 0$. The reflection $D$ of $G(2, \frac{4}{3}, 0)$ across the line $BC$ is calculated by: $D = G - 2 \frac{2(2) + 3(\frac{4}{3}) - 12}{2^2 + 3^2} (2, 3, 0) = (2, \frac{4}{3}, 0) - 2 \frac{4 + 4 - 12}{13} (2, 3, 0) = (2, \frac{4}{3}, 0) + \frac{8}{13}(2, 3, 0) = \left(\frac{42}{13}, \frac{124}{39}, 0\right)$.  The centers of the spheres are $O_A = (0, 0, 1)$, $O_B = (6, 0, 2)$, $O_C = (0, 4, 3)$, and $O_D = (\frac{42}{13}, \frac{124}{39}, r)$. Since the spheres are tangent to a plane $\mathcal{T}$ and lie on the same side of it, let the plane $\mathcal{T}$ be $ax + by + cz + d = 0$ where $a^2 + b^2 + c^2 = 1$. The distance from each center $O_i$ to $\mathcal{T}$ is its radius $r_i$: 1) $0a + 0b + 1c + d = 1 \implies c + d = 1$ 2) $6a + 0b + 2c + d = 2 \implies 6a + 2c + d = 2$ 3) $0a + 4b + 3c + d = 3 \implies 4b + 3c + d = 3$ 4) $\frac{42}{13}a + \frac{124}{39}b + rc + d = r$  From (1) and (2), $6a + c = 1$. From (1) and (3), $4b + 2c = 2 \implies 2b + c = 1$. Thus, $6a = 2b \implies b = 3a$. Substitute $c = 1 - 6a$ into $a^2 + b^2 + c^2 = 1$: $a^2 + (3a)^2 + (1 - 6a)^2 = 1 \implies a^2 + 9a^2 + 1 - 12a + 36a^2 = 1 \implies 46a^2 - 12a = 0$. Since $a=0$ gives the plane $\mathcal{P}$, we have $a = \frac{12}{46} = \frac{6}{23}$. Then $b = \frac{18}{23}$, $c = 1 - \frac{36}{23} = -\frac{13}{23}$, and $d = 1 - c = \frac{36}{23}$. Using (4): $\frac{42}{13}(\frac{6}{23}) + \frac{124}{39}(\frac{18}{23}) + r(-\frac{13}{23}) + \frac{36}{23} = r$ Multiply by $23$: $\frac{252}{13} + \frac{124 \cdot 6}{13} + (-13r) + 36 = 23r$ $\frac{252 + 744}{13} + 36 = 36r \implies \frac{996}{13} + 36 = "
a26i-13,math-aime,plain,39,39,1,23848,0,1,"To find the number of $S_r$ that are multiples of 503, we use the root-of-unity filter. The sum is $S_r = \sum_{m \geq 0} \binom{n}{502m+r}$ where $n=10,000$. Let $\omega = e^{2\pi i/502}$ be a primitive $502$-nd root of unity. The formula for $S_r$ is: $S_r = \frac{1}{502} \sum_{j=0}^{501} \omega^{-jr} (1+\omega^j)^n$.  We want to find $S_r \pmod{503}$. Since 503 is prime, we work in the field $\mathbb{F}_{503}$. The primitive $502$-nd roots of unity in $\mathbb{F}_{503}$ are the elements of order 502. Since $503-1 = 502$, by Fermat's Little Theorem, any primitive root $g$ modulo 503 is a primitive $502$-nd root of unity. Let $\zeta$ be a primitive $502$-nd root of unity in $\mathbb{F}_{503}$. Then: $S_r \equiv \frac{1}{502} \sum_{j=0}^{501} \zeta^{-jr} (1+\zeta^j)^n \pmod{503}$. Note that $502 \equiv -1 \pmod{503}$, so $\frac{1}{502} \equiv -1 \pmod{503}$. $S_r \equiv -\sum_{j=0}^{501} \zeta^{-jr} (1+\zeta^j)^n \pmod{503}$.  Consider $(1+\zeta^j)^n \pmod{503}$. For $j=0$, $\zeta^0 = 1$, so $(1+1)^{10000} = 2^{10000} \pmod{503}$. By Fermat's Little Theorem, $2^{502} \equiv 1 \pmod{503}$. $10000 = 502 \times 19 + 462$. So $2^{10000} \equiv 2^{462} \equiv 2^{502-40} \equiv 2^{-40} \pmod{503}$.  For $j \neq 0$, $\zeta^j$ is some element $x \in \mathbb{F}_{503} \setminus \{1\}$. The term is $(1+x)^{10000} \pmod{503}$. Since $x^{502} \equiv 1 \pmod{503}$, we have $(1+x)^{502} \equiv 1 \pmod{503}$ unless $1+x \equiv 0 \pmod{503}$. $1+x \equiv 0 \implies x \equiv -1 \equiv 502 \pmod{503}$. Since $\zeta^j = -1$ occurs when $j = 502/2 = 251$, we check that case: For $j=251$, $(1+\zeta^{251})^n = (1-1)^{10000} = 0$. For $j \in \{1, \dots, 501\} \setminus \{251\}$, $(1+\zeta^j)^{502} \equiv 1 \pmod{503}$. Thus $(1+\zeta^j)^{10000} = ((1+\zeta^j)^{502})^{19} (1+\zeta^j)^{462} \equiv (1+\zeta^j)^{462} \pmod{503}$. Also $(1+\zeta^j)^{462} \equiv (1+\zeta^j)^{-40} \pmod{503}$.  However, we can simplify $S_r$ using the property that $\sum_{j=0}^{501} \zeta^{j(k-r)} = 502$ if $k \e"
a26i-13,math-aime,dt,39,39,1,355332,51990,15,"To find the number of $S_r$ that are multiples of the prime $p = 503$, we use the root-of-unity filter. For $0 \leq r < k$ where $k = 502$, the sum is given by: \[ S_r = \frac{1}{k} \sum_{j=0}^{k-1} \omega^{-rj} (1+\omega^j)^n, \] where $n = 10,000$ and $\omega = e^{2\pi i/k}$. We want to find the number of $r \in \{0, \dots, 501\}$ such that $S_r \equiv 0 \pmod{503}$.  Since $k = p-1$, the $k$-th roots of unity in the field $\mathbb{F}_p$ are exactly the elements of the multiplicative group $\mathbb{F}_p^* = \{1, 2, \dots, p-1\}$. Thus, we can evaluate $S_r$ modulo $p$ by replacing $\omega^j$ with $x \in \mathbb{F}_p^*$: \[ S_r \equiv \frac{1}{p-1} \sum_{x=1}^{p-1} x^{-r} (1+x)^n \pmod{p}. \] Since $p-1 \equiv -1 \pmod{p}$, we have $S_r \equiv -\sum_{x=1}^{p-1} x^{-r} (1+x)^n \pmod{p}$. Using Fermat's Little Theorem, $(1+x)^p \equiv 1+x \pmod{p}$, so $(1+x)^n = (1+x)^{qp+r'} \equiv (1+x)^{q+r'} \pmod{p}$, where $n = qp + r'$. For $n = 10,000$ and $p = 503$: $10,000 = 19 \times 503 + 443 \implies q = 19, r' = 443$. Thus, $(1+x)^{10,000} \equiv (1+x)^{19+443} = (1+x)^{462} \pmod{503}$. $S_r \equiv -\sum_{x=1}^{p-1} x^{-r} (1+x)^{462} \pmod{503}$. Expanding $(1+x)^{462} = \sum_{i=0}^{462} \binom{462}{i} x^i$, we get: \[ S_r \equiv -\sum_{x=1}^{p-1} x^{-r} \sum_{i=0}^{462} \binom{462}{i} x^i = -\sum_{i=0}^{462} \binom{462}{i} \sum_{x=1}^{p-1} x^{i-r} \pmod{503}. \] The inner sum $\sum_{x=1}^{p-1} x^{i-r} \pmod{p}$ is $p-1 \equiv -1$ if $i-r$ is a multiple of $p-1$, and $0$ otherwise. Since $0 \leq i \leq 462$ and $0 \leq r < 502$, the difference $i-r$ ranges from $-501$ to $462$. The only multiples of $p-1=502$ in this range are $i-r = 0$ (when $i=r$) and $i-r = -502$ (which is impossible as $i \geq 0$ and $r < 502$). Thus, $S_r \equiv -\binom{462}{r} (-1) = \binom{462}{r} \pmod{503}$ for $0 \leq r \leq 462$, and $S_r \equiv 0 \pmod{503}$ for $463 \leq r < 502$.  The values of $r$ for which $S_r \equiv 0 \pmod{503}$ are: 1. $r \in \{463, 464, \dots, 501\}$. There are $"
a26i-14,math-aime,plain,681,681,1,14316,0,1,"To find the square of the perimeter of an equiangular pentagon, let the side lengths be $a, b, c, d, e$ in cyclic order. An equiangular pentagon has internal angles of $108^\circ$. The sum of squares of sides is $a^2 + b^2 + c^2 + d^2 + e^2 = 308$. The diagonals are $d_1, d_2, d_3, d_4, d_5$. Using the law of cosines, the square of a diagonal connecting sides $a$ and $b$ is: $d_1^2 = a^2 + b^2 - 2ab \cos(108^\circ)$. Note that $\cos(108^\circ) = \frac{1-\sqrt{5}}{4}$. Let $k = -\cos(108^\circ) = \frac{\sqrt{5}-1}{4}$. The sum of the squares of the diagonals is: $\sum d_i^2 = \sum (a^2 + b^2 + 2abk) = 2 \sum a^2 + 2k \sum ab = 800$. Substituting $\sum a^2 = 308$: $2(308) + 2k(ab+bc+cd+de+ea) = 800$ $616 + 2k(ab+bc+cd+de+ea) = 800$ $2k(ab+bc+cd+de+ea) = 184$ $ab+bc+cd+de+ea = \frac{92}{k} = \frac{92}{(\sqrt{5}-1)/4} = \frac{368}{\sqrt{5}-1} = \frac{368(\sqrt{5}+1)}{4} = 92(\sqrt{5}+1)$.  The perimeter $P = a+b+c+d+e$. The square of the perimeter is $P^2 = (a+b+c+d+e)^2 = \sum a^2 + 2 \sum_{cyclic} ab + 2 \sum_{non-cyclic} ab$. In an equiangular pentagon, the condition that the figure closes is $\sum a_i e^{i \theta_i} = 0$. For an equiangular pentagon, the sides must satisfy $a+b\cos(72^\circ)+c\cos(144^\circ)+d\cos(216^\circ)+e\cos(288^\circ) = 0$ and similar for sine. A known property for equiangular polygons is that if the sides are not equal, they must satisfy certain linear relations. For a pentagon, since $108^\circ$ is not a divisor of $360^\circ$ in a way that allows opposite sides, the only equiangular pentagon is a regular one ($a=b=c=d=e$). Wait, if $a=b=c=d=e$, then $5a^2 = 308$ and $5(a^2+a^2+2a^2k) = 800 \implies 10a^2(1+k) = 800$. $10(308/5)(1+k) = 616(1+k) = 616(1 + \frac{\sqrt{5}-1}{4}) = 616(\frac{3+\sqrt{5}}{4}) = 154(3+\sqrt{5}) \approx 154(5.236) \approx 806$. This is close to 800, but not 800. This implies the pentagon is not regular. Actually, for any equiangular pentagon, it is known that $a=b=c=d=e$. However, this is only for *equilateral* equ"
a26i-14,math-aime,dt,681,681,1,768049,56902,15,"To solve for the square of the perimeter of the equiangular pentagon, we denote the side lengths as $a_1, a_2, a_3, a_4, a_5$ and the diagonal lengths as $d_1, d_2, d_3, d_4, d_5$. In an equiangular pentagon, every interior angle is $108^\circ$.  The diagonals connect non-adjacent vertices. For instance, $d_1$ connects the vertex between $a_5$ and $a_1$ to the vertex between $a_2$ and $a_3$. Using the Law of Cosines on the triangle formed by sides $a_1, a_2$ and diagonal $d_1$: $d_1^2 = a_1^2 + a_2^2 - 2a_1a_2 \cos(108^\circ)$. Since $\cos(108^\circ) = -\sin(18^\circ) = -\frac{\sqrt{5}-1}{4}$, we have $d_1^2 = a_1^2 + a_2^2 + 2a_1a_2 \frac{\sqrt{5}-1}{4} = a_1^2 + a_2^2 + a_1a_2 \frac{\sqrt{5}-1}{2}$. Summing the squares of all five diagonals: $\sum_{i=1}^5 d_i^2 = 2 \sum_{i=1}^5 a_i^2 + \frac{\sqrt{5}-1}{2} \sum_{i=1}^5 a_i a_{i+1}$ (where $a_6 = a_1$). Substituting the given values: $800 = 2(308) + \frac{\sqrt{5}-1}{2} \sum a_i a_{i+1} \implies 184 = \frac{\sqrt{5}-1}{2} \sum a_i a_{i+1}$. $\sum a_i a_{i+1} = \frac{368}{\sqrt{5}-1} = \frac{368(\sqrt{5}+1)}{4} = 92(\sqrt{5}+1)$.  The condition for an equiangular pentagon to close is $\sum_{k=1}^5 a_k \omega^{k-1} = 0$, where $\omega = e^{i 2\pi/5}$. Taking the squared magnitude: $|\sum a_k \omega^{k-1}|^2 = \sum a_k^2 + 2 \sum_{i<j} a_i a_j \cos\left(\frac{2\pi(i-j)}{5}\right) = 0$. Let $S_1 = \sum a_i a_{i+1}$ and $S_2 = \sum a_i a_{i+2}$. $308 + 2 S_1 \cos(72^\circ) + 2 S_2 \cos(144^\circ) = 0$. Using $\cos(72^\circ) = \frac{\sqrt{5}-1}{4}$ and $\cos(144^\circ) = \frac{-\sqrt{5}-1}{4}$: $308 + 2(92(\sqrt{5}+1))\frac{\sqrt{5}-1}{4} + 2 S_2 \frac{-\sqrt{5}-1}{4} = 0$. $308 + \frac{184(5-1)}{4} - S_2 \frac{\sqrt{5}+1}{2} = 0 \implies 308 + 184 = S_2 \frac{\sqrt{5}+1}{2}$. $492 = S_2 \frac{\sqrt{5}+1}{2} \implies S_2 = \frac{984}{\sqrt{5}+1} = \frac{984(\sqrt{5}-1)}{4} = 246(\sqrt{5}-1)$.  The square of the perimeter $P$ is: $P^2 = (\sum a_i)^2 = \sum a_i^2 + 2(S_1 + S_2)$. $P^2 = 308 + 2(92\sqrt{5} + 92 + 246\sqrt{5"
a26i-15,math-aime,plain,1680,83,0,337277,0,1,"To partition a $2n \times 2n$ grid into $k$ cell loops, we must consider the structure of these loops. A cell loop is essentially the boundary of an $a \times b$ rectangle. If we partition the grid into $k$ such loops, we are essentially nesting or placing rectangles within the grid such that their boundaries cover all cells.  Let the grid be $2n \times 2n$. A cell loop is the boundary of a rectangle $R_i$ with dimensions $a_i \times b_i$. The number of cells in such a loop is $2a_i + 2b_i - 4$.  For a $10 \times 10$ grid, the total number of cells is 100. We are partitioning it into $k=5$ cell loops. The total number of cells is $\sum_{i=1}^5 (2a_i + 2b_i - 4) = 100$. This simplifies to $\sum (a_i + b_i) = 60$.  A partition of a grid into cell loops corresponds to a partition of the grid into $k$ rectangles $R_1, \dots, R_k$ such that each $R_i$ is the union of its boundary (the $i$-th loop) and the interior (which must be filled by other loops).  Specifically, if $R_1$ is the outermost $10 \times 10$ rectangle, its loop covers the boundary. The remaining $8 \times 8$ interior must be partitioned into 4 cell loops. This is a recursive problem. Let $f(m, n)$ be the number of ways to partition an $m \times n$ grid into $k$ cell loops. However, the problem asks for a specific number of loops. The structure of such a partition is that each loop $L_i$ is the boundary of a rectangle $R_i$. For the cells to be partitioned, $R_1$ must be the $10 \times 10$ grid. The interior of $R_1$ is an $8 \times 8$ grid. This $8 \times 8$ grid must be partitioned into 4 cell loops. There are two ways to partition a rectangle into cell loops: 1. One loop is the boundary of the rectangle, and the interior is partitioned into $k-1$ loops. 2. The rectangle is split into two smaller rectangles by a line, and each is partitioned into $k_1$ and $k_2$ loops ($k_1 + k_2 = k$).  Let $S_n$ be the number of ways to partition a $2n \times 2n$ grid into $n+1$ loops. For $n=1$ ($2 \times 2$), $S_1=1$"
a26i-15,math-aime,dt,247,83,0,316179,66502,16,"To partition a $10 \times 10$ grid into 5 cell loops, we must ensure every cell is part of exactly one loop. A cell loop is the boundary of an $a \times b$ rectangle.  Let $f(w, h, k)$ be the number of ways to partition a $w \times h$ rectangle into $k$ cell loops. We seek $f(10, 10, 5)$. As established, the outermost boundary of any $w \times h$ rectangle must be covered. The only way to cover the entire boundary of the $w \times h$ grid without leaving gaps or overlapping is if the outermost loop $L_1$ is the boundary of the $w \times h$ rectangle itself. This uses $2w + 2h - 4$ cells and leaves an $(w-2) \times (h-2)$ interior.  However, we can also partition the $w \times h$ rectangle by splitting it into two smaller rectangles, say $w \times h_1$ and $w \times h_2$ where $h_1 + h_2 = h$. But for this to be a partition into cell loops, the shared edge between the two rectangles must be handled. Specifically, if the $w \times h$ grid is split into two rectangles, the boundary of the $w \times h$ grid is no longer a single loop. Instead, the boundary cells of the $w \times h$ grid are distributed among the loops of the sub-rectangles.  Crucially, the problem states we need to partition the grid into 5 cell loops. Let's reconsider the structure. The outermost boundary of the $10 \times 10$ grid must be part of some loop. If we have one $10 \times 10$ loop, we are left with an $8 \times 8$ grid to be partitioned into 4 loops.  $f(10, 10, 5) = f(8, 8, 4)$. For $f(8, 8, 4)$, we can: 1. Use an $8 \times 8$ loop, leaving $f(6, 6, 3)$. 2. Split the $8 \times 8$ grid into two rectangles, say $8 \times h_1$ and $8 \times h_2$ ($h_1+h_2=8$), and partition them into $k_1$ and $k_2$ loops ($k_1+k_2=4$). For this to work, the shared edge must be empty of ""boundary"" cells from both loops, which is impossible because a cell loop is the *entire* boundary of its rectangle.  Wait, the only way to partition a rectangle into cell loops is to either nest them or split the rectangle in"
